id,sort_code,bank_name,branch_name
1,10101,BANK OF GHANA,ACCRA
2,10303,BANK OF GHANA,AGONA SWEDRU
3,10401,BANK OF GHANA,TAKORADI
4,10402,BANK OF GHANA,SEFWI BOAKO
5,10601,BANK OF GHANA,KUMASI
6,10701,BANK OF GHANA,SUNYANI
7,10801,BANK OF GHANA,TAMALE
8,11101,BANK OF GHANA,HOHOE
9,20101,STANDARD CHARTERED BANK,HIGH STREET
10,20102,STANDARD CHARTERED BANK,INDEPENDENCE AVENUE
11,20104,STANDARD CHARTERED BANK,LIBERIA ROAD
12,20105,STANDARD CHARTERED BANK,OPEIBEA HOUSE
13,20106,STANDARD CHARTERED BANK,TEMA
14,20108,STANDARD CHARTERED BANK,LEGON
15,20112,STANDARD CHARTERED BANK,OSU
16,20118,STANDARD CHARTERED BANK,SPINTEX
17,20121,STANDARD CHARTERED BANK,DANSOMAN
18,20126,STANDARD CHARTERED BANK,ABEKA
19,20127,STANDARD CHARTERED BANK,ACHIMOTA
20,20129,STANDARD CHARTERED BANK,NIA
21,20132,STANDARD CHARTERED BANK,TEMA HABOUR
22,20133,STANDARD CHARTERED BANK,WESTHILLS
23,20436,STANDARD CHARTERED BANK,LIBERIA ROAD TAKORADI
24,20611,STANDARD CHARTERED BANK,KNUST
25,20613,STANDARD CHARTERED BANK,AHODWO
26,20615,STANDARD CHARTERED BANK,HARPER ROAD
27,20617,STANDARD CHARTERED BANK,OBUASI
28,20823,STANDARD CHARTERED BANK,TAMALE
29,30101,ABSA (GH) LTD,KASOA
30,30104,ABSA (GH) LTD,A AND C MALL
31,30105,ABSA (GH) LTD,ACCRA MALL
32,30106,ABSA (GH) LTD,ABEKA LAPAZ
33,30107,ABSA (GH) LTD,DANSOMAN
34,30108,ABSA (GH) LTD,GNPC
35,30109,ABSA (GH) LTD,NIMA
36,30110,ABSA (GH) LTD,LEGON
37,30111,ABSA (GH) LTD,ACHIMOTA
38,30112,ABSA (GH) LTD,OSU
39,30114,ABSA (GH) LTD,RING ROAD CENTRAL
40,30116,ABSA (GH) LTD,BCM
41,30117,ABSA (GH) LTD,MOTORWAY EXT
42,30121,ABSA (GH) LTD,SPINTEX MAIN
43,30122,ABSA (GH) LTD,KNUTSFORD AVENUE
44,30125,ABSA (GH) LTD,LEGON MAIN
45,30130,ABSA (GH) LTD,TEMA FISHING HARBOUR
46,30135,ABSA (GH) LTD,MAKOLA SQUARE
47,30136,ABSA (GH) LTD,AIRPORT CITY
48,30141,ABSA (GH) LTD,CIRCLE
49,30144,ABSA (GH) LTD,ACCRA CORPORATE SERVICE CENTER
50,30145,ABSA (GH) LTD,SPINTEX PRESTIGE
51,30148,ABSA (GH) LTD,HIGH STREET
52,30149,ABSA (GH) LTD,DIRECT SALES
53,30154,ABSA (GH) LTD,AVENUE CENTRAL
54,30155,ABSA (GH) LTD,UNDP
55,30160,ABSA (GH) LTD,TEMA MAIN
56,30161,ABSA (GH) LTD,SME CENTRE
57,30162,ABSA (GH) LTD,AGBOBLOSHIE
58,30163,ABSA (GH) LTD,MADINA
59,30164,ABSA (GH) LTD,HEAD OFFICE
60,30168,ABSA (GH) LTD,TESHIE NUNGUA
61,30169,ABSA (GH) LTD,ACCRA NEWTOWN
62,30170,ABSA (GH) LTD,DOME
63,30173,ABSA (GH) LTD,DARKUMAN
64,30175,ABSA (GH) LTD,INDEPENDENCE AVENUE
65,30179,ABSA (GH) LTD,WEIJA
66,30184,ABSA (GH) LTD,ASHAIMAN
67,30185,ABSA (GH) LTD,HAATSO
68,30187,ABSA (GH) LTD,KANESHIE
69,30189,ABSA (GH) LTD,TEMA OIL REFINERY
70,30190,ABSA (GH) LTD,NORTH KANESHIE
71,30191,ABSA (GH) LTD,MAAMOBI
72,30192,ABSA (GH) LTD,OFFSHORE BANKING
73,30193,ABSA (GH) LTD,MATAHEKO
74,30194,ABSA (GH) LTD,ADENTA
75,30195,ABSA (GH) LTD,ABOSSEY OKAI
76,30196,ABSA (GH) LTD,KOTOBABI
77,30197,ABSA (GH) LTD,PALM WINE JUNCTION
78,30242,ABSA (GH) LTD,KOFORIDUA
79,30243,ABSA (GH) LTD,NKAWKAW
80,30246,ABSA (GH) LTD,ODA
81,30247,ABSA (GH) LTD,NSAWAM
82,30286,ABSA (GH) LTD,SOMANYA
83,30320,ABSA (GH) LTD,SWEDRU
84,30337,ABSA (GH) LTD,CAPE COAST
85,30338,ABSA (GH) LTD,OBUASI
86,30365,ABSA (GH) LTD,WINNEBA
87,30367,ABSA (GH) LTD,MANKESSIM
88,30399,ABSA (GH) LTD,TWIFO PRASO
89,30431,ABSA (GH) LTD,HIGH STREET-TAKORADI
90,30432,ABSA (GH) LTD,LIBERATION ROAD-TAKORADI
91,30434,ABSA (GH) LTD,TARKWA
92,30451,ABSA (GH) LTD,TARKWA MINES
93,30452,ABSA (GH) LTD,ASANKRAGUA
94,30456,ABSA (GH) LTD,TAKORADI KOKOMPE
95,30498,ABSA (GH) LTD,ELUBO
96,30539,ABSA (GH) LTD,HO
97,30540,ABSA (GH) LTD,HOHOE
98,30572,ABSA (GH) LTD,AFLAO
99,30623,ABSA (GH) LTD,ASAFO
100,30627,ABSA (GH) LTD,ABSA (GH) LTD-PREMPEH II STREET
101,30628,ABSA (GH) LTD,KEJETIA- KUMASI
102,30653,ABSA (GH) LTD,NEW SUAME MAGAZINE
103,30657,ABSA (GH) LTD,OLD SUAME MAGAZINE
104,30658,ABSA (GH) LTD,AGOGO
105,30666,ABSA (GH) LTD,ADUM
106,30674,ABSA (GH) LTD,BANTAMA
107,30676,ABSA (GH) LTD,SEFWI-WIASO
108,30677,ABSA (GH) LTD,KONONGO
109,30680,ABSA (GH) LTD,KROFOM
110,30681,ABSA (GH) LTD,TANOSO
111,30682,ABSA (GH) LTD,TAFO
112,30683,ABSA (GH) LTD,AHODWO
113,30718,ABSA (GH) LTD,TECHIMAN
114,30724,ABSA (GH) LTD,BEREKUM
115,30750,ABSA (GH) LTD,SUNYANI
116,30759,ABSA (GH) LTD,GOASO
117,30778,ABSA (GH) LTD,ATEBUBU
118,30833,ABSA (GH) LTD,TAMALE
119,30871,ABSA (GH) LTD,GUMANI
120,30919,ABSA (GH) LTD,BOLGATANGA
121,30926,ABSA (GH) LTD,BAWKU
122,31088,ABSA (GH) LTD,WA
123,40001,GCB BANK LTD,WA
124,40002,GCB BANK LTD,TUMU
125,40003,GCB BANK LTD,LAWRA
126,40004,GCB BANK LTD,BOLE
127,40101,GCB BANK LTD,HIGH STREET
128,40102,GCB BANK LTD,BURMA CAMP
129,40103,GCB BANK LTD,LEGON
130,40105,GCB BANK LTD,MINISTRIES
131,40106,GCB BANK LTD,REPUBLIC HOUSE
132,40107,GCB BANK LTD,TEMA MAIN
133,40108,GCB BANK LTD,TEMA MARKET
134,40109,GCB BANK LTD,TEMA INDUSTRIAL AREA
135,40110,GCB BANK LTD,TEMA FISHING HARBOUR
136,40111,GCB BANK LTD,RING ROAD WEST
137,40112,GCB BANK LTD,KANESHIE MARKET
138,40113,GCB BANK LTD,KORLEBU
139,40114,GCB BANK LTD,OSU
140,40115,GCB BANK LTD,DERBY AVENUE
141,40116,GCB BANK LTD,BOUNDARY ROAD
142,40117,GCB BANK LTD,LIBERTY HOUSE
143,40118,GCB BANK LTD,ACCRA NEW TOWN
144,40119,GCB BANK LTD,TRADE FAIR SITE
145,40120,GCB BANK LTD,KANESHIE INDUSTRIAL AREA
146,40121,GCB BANK LTD,ASHAIMAN
147,40123,GCB BANK LTD,MADINA
148,40124,GCB BANK LTD,31ST DECEMBER MARKET
149,40126,GCB BANK LTD,TETTEH QUARSHIE CIRCLE
150,40127,GCB BANK LTD,KWAME NKRUMAH CIRCLE
151,40128,GCB BANK LTD,INTERNATIONAL TRADE FINANCE
152,40129,GCB BANK LTD,GLOBAL TRANSFER SERVICES
153,40130,GCB BANK LTD,TANTRA HILL
154,40131,GCB BANK LTD,KASOA
155,40132,GCB BANK LTD,DOME (KWABENYA)
156,40133,GCB BANK LTD,ABLENKPE
157,40134,GCB BANK LTD,KASOA MAIN
158,40135,GCB BANK LTD,SAFEBOUND (JUBILEE) TEMA
159,40136,GCB BANK LTD,KISSEIMAN
160,40138,GCB BANK LTD,SPINTEX ROAD
161,40139,GCB BANK LTD,ACCRA NORTH CIRCLE
162,40146,GCB BANK LTD,DANSOMAN
163,40147,GCB BANK LTD,ADENTA MARKET
164,40148,GCB BANK LTD,NIMA
165,40149,GCB BANK LTD,NUNGUA
166,40150,GCB BANK LTD,ABEKA LAPAZ
167,40162,GCB BANK LTD,HAATSO
168,40163,GCB BANK LTD,AMASAMAN
169,40164,GCB BANK LTD,ADJIRIGANO
170,40165,GCB BANK LTD,WEIJA
171,40166,GCB BANK LTD,KATAMANTO
172,40167,GCB BANK LTD,ADABRAKA
173,40168,GCB BANK LTD,AIRPORT CITY
174,40169,GCB BANK LTD,EAST LEGON
175,40170,GCB BANK LTD,TEMA COMMUNITY 2
176,40171,GCB BANK LTD,GCB BANK LTD - OKAISHIE
177,40172,GCB BANK LTD,CENTRAL UNIVERSITY COLLEGE
178,40173,GCB BANK LTD,LABONE
179,40174,GCB BANK LTD,ACHIMOTA
180,40175,GCB BANK LTD,A&C MALL
181,40176,GCB BANK LTD,TESANO
182,40177,GCB BANK LTD,ABOSSEY OKAI
183,40178,GCB BANK LTD,MANDELA PARK
184,40179,GCB BANK LTD,OSU OXFORD STREET
185,40180,GCB BANK LTD,MARTEY TSURU
186,40181,GCB BANK LTD,TEMA COMMUNITY 1
187,40182,GCB BANK LTD,MADINA ZONGO JUNCTION
188,40183,GCB BANK LTD,DZORWULU
189,40184,GCB BANK LTD,AIRPORT TERMINAL 3
190,40199,GCB BANK LTD,HEAD OFFICE
191,40201,GCB BANK LTD,KOFORIDUA
192,40202,GCB BANK LTD,AKIM ODA
193,40203,GCB BANK LTD,KADE
194,40205,GCB BANK LTD,NEW TAFO
195,40206,GCB BANK LTD,NKAWKAW
196,40207,GCB BANK LTD,SOMANYA
197,40208,GCB BANK LTD,ASAMANKESE
198,40209,GCB BANK LTD,AKROPONG AKWAPIM
199,40210,GCB BANK LTD,MAMPONG AKWAPIM
200,40212,GCB BANK LTD,ANYIMAN
201,40213,GCB BANK LTD,ADA FOAH
202,40214,GCB BANK LTD,SUHUM
203,40216,GCB BANK LTD,NSAWAM
204,40217,GCB BANK LTD,KIBI
205,40218,GCB BANK LTD,AKOSOMBO
206,40219,GCB BANK LTD,MPRAESO
207,40220,GCB BANK LTD,AKUSE
208,40221,GCB BANK LTD,DONKORKROM
209,40222,GCB BANK LTD,ABURI
210,40224,GCB BANK LTD,KOFORIDUA CENTRAL GCB BANK LTD
211,40301,GCB BANK LTD,CAPE COAST MAIN
212,40302,GCB BANK LTD,UNIVERSITY OF CAPE COAST
213,40303,GCB BANK LTD,AGONA SWEDRU
214,40304,GCB BANK LTD,ASSIN FOSU
215,40305,GCB BANK LTD,WINNEBA
216,40306,GCB BANK LTD,BREMAN ASIKUMA
217,40307,GCB BANK LTD,ABURA DUNKWA
218,40308,GCB BANK LTD,SALTPOND
219,40309,GCB BANK LTD,MANKESSIM
220,40310,GCB BANK LTD,TWIFO PRASO
221,40315,GCB BANK LTD,ELMINA
222,40317,GCB BANK LTD,CORONATION JUNCTION
223,40401,GCB BANK LTD,TAKORADI MAIN
224,40402,GCB BANK LTD,TAKORADI HARBOUR
225,40403,GCB BANK LTD,TAKORADI MARKET CIRCLE
226,40404,GCB BANK LTD,SEKONDI
227,40405,GCB BANK LTD,TARKWA
228,40406,GCB BANK LTD,SAMREBOI
229,40407,GCB BANK LTD,ENCHI
230,40408,GCB BANK LTD,AXIM
231,40409,GCB BANK LTD,HALFASSINI
232,40410,GCB BANK LTD,DUNKWA-ON-OFFIN
233,40412,GCB BANK LTD,SEFWI WIAWSO
234,40413,GCB BANK LTD,DADIESO
235,40414,GCB BANK LTD,BOGOSO
236,40415,GCB BANK LTD,ELUBO
237,40471,GCB BANK LTD,PRESTEA
238,40501,GCB BANK LTD,HO
239,40502,GCB BANK LTD,AFLAO
240,40503,GCB BANK LTD,DZODZE
241,40504,GCB BANK LTD,JASIKAN
242,40506,GCB BANK LTD,KADJEBI
243,40507,GCB BANK LTD,KETA
244,40508,GCB BANK LTD,KETEKRACHI
245,40509,GCB BANK LTD,KPANDO
246,40511,GCB BANK LTD,HOHOE
247,40512,GCB BANK LTD,SOGAKOPE
248,40514,GCB BANK LTD,PEKI
249,40515,GCB BANK LTD,ABOR
250,40517,GCB BANK LTD,AKATSI
251,40523,GCB BANK LTD,NKWANTA
252,40526,GCB BANK LTD,HO MARKET
253,40527,GCB BANK LTD,DAMBAI
254,40530,GCB BANK LTD,HO POLYTECHNIC
255,40555,GCB BANK LTD,CENTRAL PROCESSING CENTRE
256,40601,GCB BANK LTD,KUMASI MAIN
257,40602,GCB BANK LTD,ASAFO MARKET
258,40603,GCB BANK LTD,KNUST KUMASI
259,40604,GCB BANK LTD,KEJETIA
260,40605,GCB BANK LTD,KONONGO
261,40607,GCB BANK LTD,MAMPONG ASHANTI
262,40609,GCB BANK LTD,BEKWAI
263,40610,GCB BANK LTD,EFFIDUASE ASHANTI
264,40611,GCB BANK LTD,OBUASI
265,40612,GCB BANK LTD,EJISU
266,40613,GCB BANK LTD,NEW OFFINSO
267,40614,GCB BANK LTD,EJURA
268,40615,GCB BANK LTD,TEPA
269,40616,GCB BANK LTD,AKUMADAN
270,40617,GCB BANK LTD,JUASO
271,40618,GCB BANK LTD,NEW EDUBIASE
272,40619,GCB BANK LTD,AHINSAN KUMASI
273,40620,GCB BANK LTD,AGONA ASHANTI
274,40621,GCB BANK LTD,JUBILEE HOUSE
275,40622,GCB BANK LTD,AGOGO
276,40623,GCB BANK LTD,NKAWIE
277,40625,GCB BANK LTD,HARPER ROAD KUMASI
278,40627,GCB BANK LTD,BANTAMA
279,40628,GCB BANK LTD,TECH JUNCTION KUMASI
280,40629,GCB BANK LTD,MAGAZINE
281,40630,GCB BANK LTD,SUAME
282,40631,GCB BANK LTD,SOFOLINE
283,40701,GCB BANK LTD,SUNYANI
284,40702,GCB BANK LTD,BECHEM
285,40703,GCB BANK LTD,BEREKUM
286,40704,GCB BANK LTD,DORMAA AHENKRO
287,40705,GCB BANK LTD,DUAYAWNKWANTA
288,40706,GCB BANK LTD,HWIDIEM
289,40707,GCB BANK LTD,GOASO
290,40709,GCB BANK LTD,MIM
291,40710,GCB BANK LTD,JAPEKROM
292,40711,GCB BANK LTD,WENCHI
293,40712,GCB BANK LTD,KINTAMPO
294,40713,GCB BANK LTD,NKORANZA
295,40715,GCB BANK LTD,TECHIMAN
296,40717,GCB BANK LTD,SANKORE
297,40723,GCB BANK LTD,SAMPA
298,40724,GCB BANK LTD,TECHIMAN MARKET
299,40725,GCB BANK LTD,SUNYANI MARKET
300,40801,GCB BANK LTD,TAMALE MAIN
301,40802,GCB BANK LTD,YENDI
302,40803,GCB BANK LTD,DAMONGO
303,40804,GCB BANK LTD,SALAGA
304,40805,GCB BANK LTD,TAMALE MARKET
305,40806,GCB BANK LTD,BIMBILA
306,40807,GCB BANK LTD,YEJI
307,40809,GCB BANK LTD,TAMALE HOSPITAL ROAD
308,40810,GCB BANK LTD,SABOBA
309,40812,GCB BANK LTD,ABOABO
310,40901,GCB BANK LTD,BOLGATANGA
311,40902,GCB BANK LTD,NAVRONGO
312,40903,GCB BANK LTD,BAWKU
313,40906,GCB BANK LTD,WALEWALE
314,50100,NATIONAL INVESTMENT BANK,NATIONAL INVESTMENT BANK
315,50101,NATIONAL INVESTMENT BANK,ACCRA MAIN
316,50109,NATIONAL INVESTMENT BANK,TEMA MAIN
317,50111,NATIONAL INVESTMENT BANK,OSU
318,50112,NATIONAL INVESTMENT BANK,FOREIGN
319,50113,NATIONAL INVESTMENT BANK,TEMA HABOUR AREA(AFKO)
320,50117,NATIONAL INVESTMENT BANK,ABEKA
321,50122,NATIONAL INVESTMENT BANK,ADENTA
322,50123,NATIONAL INVESTMENT BANK,SPINTEX
323,50124,NATIONAL INVESTMENT BANK,WINNEBA ROAD
324,50128,NATIONAL INVESTMENT BANK,NORTH INDUSTRIAL AREA
325,50129,NATIONAL INVESTMENT BANK,TEMA COMMUNITY 9
326,50131,NATIONAL INVESTMENT BANK,HEAD OFFICE
327,50132,NATIONAL INVESTMENT BANK,DANSOMAN
328,50134,NATIONAL INVESTMENT BANK,ASHAIMAN
329,50135,NATIONAL INVESTMENT BANK,AIRPORT CITY
330,50136,NATIONAL INVESTMENT BANK,EAST LEGON
331,50138,NATIONAL INVESTMENT BANK,LAW COURT COMPLEX
332,50139,NATIONAL INVESTMENT BANK,PARLIAMENT HOUSE
333,50146,NATIONAL INVESTMENT BANK,MADINA
334,50147,NATIONAL INVESTMENT BANK,MAKOLA
335,50149,NATIONAL INVESTMENT BANK,ACCRA NEW TOWN
336,50152,NATIONAL INVESTMENT BANK,ACHIMOTA
337,50204,NATIONAL INVESTMENT BANK,KOFORIDUA
338,50218,NATIONAL INVESTMENT BANK,AKIM ODA
339,50310,NATIONAL INVESTMENT BANK,CAPE COAST
340,50327,NATIONAL INVESTMENT BANK,DUNKWA ON-OFFIN
341,50337,NATIONAL INVESTMENT BANK,SWEDRU
342,50351,NATIONAL INVESTMENT BANK,KASOA
343,50407,NATIONAL INVESTMENT BANK,TAKORADI
344,50434,NATIONAL INVESTMENT BANK,TARKWA
345,50503,NATIONAL INVESTMENT BANK,HO
346,50535,NATIONAL INVESTMENT BANK,HOHOE
347,50541,NATIONAL INVESTMENT BANK,NKWANTA
348,50605,NATIONAL INVESTMENT BANK,KUMASI
349,50619,NATIONAL INVESTMENT BANK,KUMASI CENTRAL
350,50621,NATIONAL INVESTMENT BANK,OBUASI
351,50632,NATIONAL INVESTMENT BANK,ASOKWA
352,50643,NATIONAL INVESTMENT BANK,ASHANTI MAMPONG
353,50645,NATIONAL INVESTMENT BANK,SUAME
354,50648,NATIONAL INVESTMENT BANK,KUMASI CITY MALL
355,50650,NATIONAL INVESTMENT BANK,TANOSO
356,50706,NATIONAL INVESTMENT BANK,SUNYANI
357,50715,NATIONAL INVESTMENT BANK,TECHIMAN
358,50725,NATIONAL INVESTMENT BANK,WENCHI
359,50726,NATIONAL INVESTMENT BANK,KINTAMPO
360,50808,NATIONAL INVESTMENT BANK,TAMALE
361,50840,NATIONAL INVESTMENT BANK,SAWLA
362,50842,NATIONAL INVESTMENT BANK,UDS TAMALE
363,50844,NATIONAL INVESTMENT BANK,YENDI
364,50902,NATIONAL INVESTMENT BANK,BOLGATANGA
365,51014,NATIONAL INVESTMENT BANK,WA
366,60101,UNITED BANK FOR AFRICA (GH) LTD,HEAD OFFICE-RIDGE
367,60102,UNITED BANK FOR AFRICA (GH) LTD,ACCRA CENTRAL
368,60103,UNITED BANK FOR AFRICA (GH) LTD,TEMA
369,60106,UNITED BANK FOR AFRICA (GH) LTD,ABOSSEY OKAI
370,60107,UNITED BANK FOR AFRICA (GH) LTD,RING ROAD
371,60108,UNITED BANK FOR AFRICA (GH) LTD,DZORWULU 1 MOTORWAY
372,60109,UNITED BANK FOR AFRICA (GH) LTD,DZORWULU 2
373,60110,UNITED BANK FOR AFRICA (GH) LTD,MADINA
374,60111,UNITED BANK FOR AFRICA (GH) LTD,EAST LEGON 1
375,60112,UNITED BANK FOR AFRICA (GH) LTD,EAST LEGON 2
376,60113,UNITED BANK FOR AFRICA (GH) LTD,TESHIE
377,60114,UNITED BANK FOR AFRICA (GH) LTD,SPINTEX ROAD
378,60119,UNITED BANK FOR AFRICA (GH) LTD,TEMA INDUSTRIA AREA
379,60129,UNITED BANK FOR AFRICA (GH) LTD,ACHIMOTA
380,60402,UNITED BANK FOR AFRICA (GH) LTD,TAKORADI
381,60403,UNITED BANK FOR AFRICA (GH) LTD,TARKWA
382,60405,UNITED BANK FOR AFRICA (GH) LTD,TAKORADI
383,60601,UNITED BANK FOR AFRICA (GH) LTD,KUMASI-ADUM
384,60602,UNITED BANK FOR AFRICA (GH) LTD,SUAME
385,60603,UNITED BANK FOR AFRICA (GH) LTD,KNUST
386,60605,UNITED BANK FOR AFRICA (GH) LTD,TANOSO
387,60606,UNITED BANK FOR AFRICA (GH) LTD,ALABAR
388,60801,UNITED BANK FOR AFRICA (GH) LTD,TAMALE
389,70101,APEX BANK,HEAD OFFICE-SOUTH RIDGE ACCRA
390,70102,APEX BANK,ACCRA CENTRE-ACCRA
391,70103,APEX BANK,NYAKROM RURAL BANK LTD-NYAKROM
392,70104,APEX BANK,MANYA KROBO RURAL BANK LTD-ODUMASE-KROBO
393,70106,APEX BANK,ANUM RURAL BANK LTD-ANUM
394,70107,APEX BANK,AKUAPEM RURAL BANK LTD-MAMFE
395,70108,APEX BANK,DANGBE RURAL BANK LTD-PRAMPRAM
396,70109,APEX BANK,SHAI RURAL BANK LTD-DODOWA
397,70110,APEX BANK,ADA RURAL BANK LTD-KASSEH
398,70111,APEX BANK,BRAKWA BRAMAN RURAL BANK LTD-BRAKWA
399,70114,APEX BANK,AGONA RURAL BANK LTD-KWANYAKU
400,70115,APEX BANK,AKYEPIM RURAL BANK LTD-GOMOA-DAW
401,70116,APEX BANK,AWUTU EMASA RURAL BANK LTD-AWUMASA
402,70117,APEX BANK,GA RURAL BANK LTD-AMASAMAN
403,70118,APEX BANK,ABOKOBI RURAL BANK LTD-ABOKOBI
404,70119,APEX BANK,BAWJIASE AREA RURAL BANK LTD-AWUTU BAWJIASE
405,70120,APEX BANK,AGAVE RURAL BANK LTD-DABALE
406,70121,APEX BANK,MEPE AREA RURAL BANK LTD-MEPE
407,70122,APEX BANK,UNION RURAL BANK LTD-SENYA BREKU
408,70123,APEX BANK,ANLO RURAL BANK LTD-ANLOGA
409,70124,APEX BANK,ODUPONGKPEHE RURAL BANK LTD-KASOA
410,70125,APEX BANK,LA COMMUNITY BANK LTD-LA
411,70126,APEX BANK,CEDI HOUSECED HOUSE
412,70127,APEX BANK,ASUOGYAMAN RURAL BANK LTD-ACCRA
413,70128,APEX BANK,CITIZEN RURAL BANK LTD-ACCRA
414,70129,APEX BANK,OYIBI AREA RURAL BANK LIMITED
415,70130,APEX BANK,MICROFIN RURAL BANK LIMITED
416,70131,APEX BANK,GOMOA COMMUNITY BANK
417,70201,APEX BANK,KOFORIDUA
418,70203,APEX BANK,KWAHU RURAL BANK LTD-KWAHU PEPEASE
419,70204,APEX BANK,SOUTH BIRIM RURAL BANK LTD-ACHIASE
420,70205,APEX BANK,UPPER MANYA KRO RURAL BANK LTD-ASESEWA
421,70206,APEX BANK,KWAHU PRASO RURAL BANK LTD-KWAHU PRASO
422,70207,APEX BANK,ATIWA RURAL BANK LTD-KWABENG
423,70208,APEX BANK,MUMUADA RURAL BANK LTD-OSINO
424,70209,APEX BANK,AFRAM RURAL BANK LTD-TEASE
425,70210,APEX BANK,AKIM BOSOME RURAL BANK LTD-AKIM SWEDRU
426,70211,APEX BANK,MPONUA RURAL BANK LTD-AMUANA PRASO
427,70212,APEX BANK,KWAEBIBIREM RURAL BANK LTD-ASUOM
428,70213,APEX BANK,AKYEM MANSA RURAL BANK LTD-AYIREBI
429,70214,APEX BANK,SOUTH AKIM RURAL BANK LTD-NANKESE
430,70215,APEX BANK,ODWEN-ANOMA RURAL BANK LTD-KWEEHWEE
431,70216,APEX BANK,DUMPONG RURAL BANK LTD-OFRAMASE
432,70217,APEX BANK,ADONTEN COMMUNITY BANK LTD-NEW TAFO
433,70219,APEX BANK,SUHUM RURAL BANK
434,70302,APEX BANK,ENYAN DENKYIRA RURAL BANK LTD-ENYAN DENKYIRA
435,70303,APEX BANK,KAKUM RURAL BANK LTD-ELMINA
436,70304,APEX BANK,NYANKUMASE AHENKRO RURAL BANK LTD-FANTI NYANKUMASE
437,70305,APEX BANK,ASSINMAN RURAL BANK LTD-ASSIN MANSO
438,70306,APEX BANK,AKATAKYIMAN RURAL BANK LTD-KOMENDA
439,70307,APEX BANK,EKUMFIMAN RURAL BANK LTD-ESSUEHYIA
440,70308,APEX BANK,AKOTI RURAL BANK LTD-ASSIN AKROPONG
441,70309,APEX BANK,TWIFO RURAL BANK LTD-TWIFO AGONA
442,70310,APEX BANK,MFANTSIMAN COMMUNITY RURAL BANK LTD-BIRIWA
443,70401,APEX BANK,TAKORADI CENTRE-TAKORADI
444,70402,APEX BANK,ANKOBRA WEST (ESIAMA) RURAL BANK LTD-ESIAMA
445,70403,APEX BANK,AMENFIMAN RURAL BANK LTD-WASSA AKROPONG
446,70404,APEX BANK,NZEMA MANLE RURAL BANK LTD-AWIEBO
447,70405,APEX BANK,JAPEX BANK - OMORO RURAL BANK LTD-TIKOBO NO. 1
448,70406,APEX BANK,LOWER PRA RURAL BANK LTD-SHAMA
449,70407,APEX BANK,FIASEMAN (BOGOSO AREA) RURAL BANK LTD-BOGOSO
450,70409,APEX BANK,AHANTAMAN RURAL BANK LTD-AGONA NKWANTA
451,70502,APEX BANK,NORTH TONGU RURAL BANK LTD-ADIDOME
452,70503,APEX BANK,AVENOR RURAL BANK LTD-AKATSI
453,70504,APEX BANK,UNITY RURAL BANK LTD-ZIOPE
454,70505,APEX BANK,WETO RURAL BANK LTD-KPEVE
455,70506,APEX BANK,BUTAWU RURAL BANK LTD-HO
456,70601,APEX BANK,KUMASIKUMASI
457,70602,APEX BANK,ATWIMA RURAL BANK LTD-FOASE
458,70603,APEX BANK,SEKYEDUMASI RURAL BANK LTD-SEKYEDUMASI
459,70604,APEX BANK,ASOKORE RURAL BANK LTD-ASOKRE
460,70605,APEX BANK,ASANTE AKYEM RURAL BANK LTD-JUANSA
461,70606,APEX BANK,KWAMANMAN RURAL BANK LTD-KWAMANG
462,70607,APEX BANK,ADANSI RURAL BANK LTD-FOMENA
463,70608,APEX BANK,KUMAWUMAN RURAL BANK LTD-KUMAWU
464,70609,APEX BANK,AKROFUOM AREA RURAL BANK LTD-AKROFUOM
465,70610,APEX BANK,AHAFO ANO PREMIER RURAL BANK LTD-WIOSO
466,70611,APEX BANK,BOSOMTWI RURAL BANK LTD-KUNTANASE
467,70612,APEX BANK,OKOMFO ANOKYE RURAL BANK LTD-WIAMOASE
468,70613,APEX BANK,DENKYIRAMAN RURAL BANK LTD-AYAMFURI
469,70614,APEX BANK,ASAWINSO RURAL BANK LTD-SEFWI-ASAWINSO
470,70615,APEX BANK,ODOTOBRI RURAL BANK LTD-JACOBU
471,70616,APEX BANK,ATWIMA KWANWOMA RURAL BANK LTD-PAKYI NO. 2
472,70618,APEX BANK,SEKYERE RURAL BANK LTD-JAMASI
473,70619,APEX BANK,AMANANO RURAL BANK LTD-NYINAHIM
474,70620,APEX BANK,AMASIE WEST RURAL BANK LTD-ANTOAKROM
475,70621,APEX BANK,JUABEN RURAL BANK LTD-JUABEN
476,70622,APEX BANK,YAPRA RURAL BANK LTD-PRANG
477,70623,APEX BANK,NWABIAGYA RURAL BANK LTD-BAREKESE
478,70624,APEX BANK,ATWIMA MPONUA RURAL BANK LTD-TOASE
479,70625,APEX BANK,OTUASEKAN RURAL BANK LTD-KOFIASE
480,70626,APEX BANK,UPPER AMENFI RURAL BANK LTD-ANKWAWSO
481,70627,APEX BANK,BIA-TORYA RURAL BANK LTD-BONSU-NKWANTA
482,70628,APEX BANK,AMATIN AND KASEI COMMUNITY BANK LTD-KASEI
483,70629,APEX BANK,NSUTAMAN RURAL BANK LTD-NSUTA
484,70630,APEX BANK,SEFWIMAN RURAL BANK LTD-SEFWI-ASAW
485,70631,APEX BANK,OFFINSO RURAL BANK LTD-KUMASI
486,70632,APEX BANK,EJURAMAN RURAL BANK LTD-KUMASI
487,70633,APEX BANK,BOSOME FREHO RURAL BANK LTD-KUMASI
488,70635,APEX BANK,YAA ASANTEWAA RURAL BANK LTD
489,70636,APEX BANK,TEPAMAN RURAL BANK LTD - TEPAMAN
490,70637,APEX BANK,ASOKORE MAMPONG RURAL BANK
491,70638,APEX BANK,AKUMADAN RURAL BANK
492,70701,APEX BANK,SUNYANI CENTRE-SUNYANI
493,70702,APEX BANK,KINTAMPO RURAL BANK LTD-KINTAMPO
494,70703,APEX BANK,WAMFIE RURAL BANK LTD-WAMFIE
495,70704,APEX BANK,SUMA RURAL BANK LTD-SUMA AHENKRO
496,70706,APEX BANK,ASUTIFI RURAL BANK LTD-ACERENSUA
497,70707,APEX BANK,NKORANZA KWABRE RURAL BANK LTD-AKUMA
498,70708,APEX BANK,FIAGYA RURAL BANK LTD-BUSUNYA
499,70709,APEX BANK,BOMAA AREA RURAL BANK LTD-BOMAA
500,70710,APEX BANK,BADUMAN RURAL BANK LTD-BADU
501,70711,APEX BANK,NSOATREMAN RURAL BANK LTD-NSOATRE
502,70712,APEX BANK,DERMA RURAL BANK LTD-DERMA
503,70714,APEX BANK,NKORANMAN RURAL BANK LTD-SEIKWA
504,70715,APEX BANK,KAASEMAN RURAL BANK LTD-KAASE
505,70716,APEX BANK,AHAFO COMMUNITY RURAL BANK LTD-KUKUOM
506,70717,APEX BANK,DROBO COMMUNITY RURAL BANK LTD-DROBO
507,70718,APEX BANK,NAFANA RURAL BANK LTD-SAMPA
508,70719,APEX BANK,CAPITAL RURAL BANK LTD-ABESIM
509,70720,APEX BANK,ATWEABAN RURAL BANK LTD-SUNYANI
510,70721,APEX BANK,NKRANKWANTA RURAL BANK LTD-SUNYANI
511,70722,APEX BANK,WENCHI RURAL BANK LTD
512,70723,APEX BANK,BOMOSADU RURAL BANK LTD
513,70801,APEX BANK,TAMALE CENTRE-TAMALE
514,70802,APEX BANK,BONZALI RURAL BANK LTD-KUMBUNGU
515,70803,APEX BANK,BORIMANGA RURAL BANK LTD-SAVELEGU
516,70804,APEX BANK,BUWUULONSO RURAL BANK LTD-TAMALE
517,70805,APEX BANK,TIZAA RURAL BANK LTD-TAMALE
518,70806,APEX BANK,ZABZUGU RURAL BANK LTD
519,70901,APEX BANK,BOLGA CENTRE-BOLGATANGA
520,70902,APEX BANK,NAARA RURAL BANK LTD-PAGA
521,70903,APEX BANK,BESSFA RURAL BANK LTD-GARU
522,70904,APEX BANK,WEST MANPRUSI COMMUNITY BANK LTD-WALEWALE
523,70905,APEX BANK,EAST MANPRUSI COMMUNITY BABK LTD-GAMBAGA
524,70906,APEX BANK,BUILSA COMMUNITY BANK LTD-SANDEMA
525,70907,APEX BANK,TOENDE RURAL BANK LTD-ZIBILLA
526,70908,APEX BANK,BONGO RURAL BANK LTD-BOLGATANGA
527,71001,APEX BANK,WA CENTRE-WA
528,71002,APEX BANK,NANDOM RURAL BANK LTD-NANDOM
529,71003,APEX BANK,SONZELE RURAL BANK LTD-JIRAPA
530,71004,APEX BANK,SISSALA RURAL BANK LTD-TUMA
531,71005,APEX BANK,LAWRA RURAL BANK LTD-WA
532,71101,APEX BANK,APEX BANK -HOHOE CENTRE-HOHOE
533,71102,APEX BANK,NORTH VOLTA RURAL BANK LTD-GUAMAN
534,71103,APEX BANK,ASUBONTEN RURAL BANK LTD-WORAWORA
535,71104,APEX BANK,GBI RURAL BANK LTD-HOHOE
536,71105,APEX BANK,KPASSA RURAL BANK LTD-HOHOE
537,71106,APEX BANK,KAAKYE RURAL BANK LTD BRANCH
538,71107,APEX BANK,FREROL RURAL BANK LTD
539,80010,AGRICULTURAL DEVELOPMENT BANK,CORPORATE BANKING
540,80020,AGRICULTURAL DEVELOPMENT BANK,CONSUMER BANKING
541,80030,AGRICULTURAL DEVELOPMENT BANK,PARASTATALS
542,80040,AGRICULTURAL DEVELOPMENT BANK,AGRIC FINANCING
543,80050,AGRICULTURAL DEVELOPMENT BANK,COMMERCIAL BANKING
544,80060,AGRICULTURAL DEVELOPMENT BANK,AGRIC VALUE CHAIN
545,80070,AGRICULTURAL DEVELOPMENT BANK,BUSINESS FINANCE
546,80100,AGRICULTURAL DEVELOPMENT BANK,
547,80100,AGRICULTURAL DEVELOPMENT BANK,HEAD OFFICE
548,80101,AGRICULTURAL DEVELOPMENT BANK,RING ROAD CENTRAL
549,80102,AGRICULTURAL DEVELOPMENT BANK,ADABRAKA
550,80103,AGRICULTURAL DEVELOPMENT BANK,TEMA
551,80104,AGRICULTURAL DEVELOPMENT BANK,TESHIE
552,80105,AGRICULTURAL DEVELOPMENT BANK,KANESHIE
553,80106,AGRICULTURAL DEVELOPMENT BANK,CEDI HOUSE
554,80107,AGRICULTURAL DEVELOPMENT BANK,INTERNATIONAL BANKING
555,80108,AGRICULTURAL DEVELOPMENT BANK,GULF HOUSE
556,80109,AGRICULTURAL DEVELOPMENT BANK,DANSOMAN
557,80110,AGRICULTURAL DEVELOPMENT BANK,NUNGUA
558,80111,AGRICULTURAL DEVELOPMENT BANK,KORKORDZOR
559,80112,AGRICULTURAL DEVELOPMENT BANK,OSU
560,80113,AGRICULTURAL DEVELOPMENT BANK,MADINA
561,80114,AGRICULTURAL DEVELOPMENT BANK,ABEKALAPAZ
562,80115,AGRICULTURAL DEVELOPMENT BANK,AGONA SWEDRU
563,80116,AGRICULTURAL DEVELOPMENT BANK,ADB HOUSE
564,80117,AGRICULTURAL DEVELOPMENT BANK,ACHIMOTA
565,80118,AGRICULTURAL DEVELOPMENT BANK,SPINTEX ROAD
566,80119,AGRICULTURAL DEVELOPMENT BANK,MAKOLA
567,80120,AGRICULTURAL DEVELOPMENT BANK,ACCRA NEW TOWN
568,80121,AGRICULTURAL DEVELOPMENT BANK,TEMA MERIDIAN
569,80124,AGRICULTURAL DEVELOPMENT BANK,ASHIAMAN
570,80125,AGRICULTURAL DEVELOPMENT BANK,DANQUAH CIRCLE
571,80126,AGRICULTURAL DEVELOPMENT BANK,NIMA
572,80127,AGRICULTURAL DEVELOPMENT BANK,KASOA
573,80128,AGRICULTURAL DEVELOPMENT BANK,WINNEBA
574,80129,AGRICULTURAL DEVELOPMENT BANK,DIAMOND CEMENT
575,80221,AGRICULTURAL DEVELOPMENT BANK,KOFORIDUA
576,80222,AGRICULTURAL DEVELOPMENT BANK,SUHUM
577,80223,AGRICULTURAL DEVELOPMENT BANK,NKAWKAW
578,80229,AGRICULTURAL DEVELOPMENT BANK,-ASIAKWA
579,80230,AGRICULTURAL DEVELOPMENT BANK,KADE
580,80331,AGRICULTURAL DEVELOPMENT BANK,CAPE COAST
581,80332,AGRICULTURAL DEVELOPMENT BANK,ASSIN FOSO
582,80333,AGRICULTURAL DEVELOPMENT BANK,UCC
583,80334,AGRICULTURAL DEVELOPMENT BANK,MANKESSIM
584,80441,AGRICULTURAL DEVELOPMENT BANK,TAKORADI
585,80444,AGRICULTURAL DEVELOPMENT BANK,ENCHI
586,80445,AGRICULTURAL DEVELOPMENT BANK,TAKORADI HARBOUR
587,80446,AGRICULTURAL DEVELOPMENT BANK,AGONA NKWANTA
588,80447,AGRICULTURAL DEVELOPMENT BANK,GREL
589,80448,AGRICULTURAL DEVELOPMENT BANK,JUABOSO
590,80552,AGRICULTURAL DEVELOPMENT BANK,HO
591,80553,AGRICULTURAL DEVELOPMENT BANK,KPANDO
592,80554,AGRICULTURAL DEVELOPMENT BANK,NKWANTA
593,80555,AGRICULTURAL DEVELOPMENT BANK,DENU
594,80556,AGRICULTURAL DEVELOPMENT BANK,JUAPONG
595,80557,AGRICULTURAL DEVELOPMENT BANK,SOGAKOPE
596,80558,AGRICULTURAL DEVELOPMENT BANK,KPEVE
597,80559,AGRICULTURAL DEVELOPMENT BANK,KPASSA
598,80661,AGRICULTURAL DEVELOPMENT BANK,KUMASI ADUM
599,80662,AGRICULTURAL DEVELOPMENT BANK,BEKWAI
600,80663,AGRICULTURAL DEVELOPMENT BANK,NEW EDUBIASE
601,80664,AGRICULTURAL DEVELOPMENT BANK,OBUASI
602,80665,AGRICULTURAL DEVELOPMENT BANK,KUMASI CENTRAL MARKET
603,80666,AGRICULTURAL DEVELOPMENT BANK,KUMASI ASOKWA
604,80667,AGRICULTURAL DEVELOPMENT BANK,KUMASI PREMPEH 11 STREET
605,80668,AGRICULTURAL DEVELOPMENT BANK,AMAKOM
606,80684,AGRICULTURAL DEVELOPMENT BANK,SEFWI WIAWSO
607,80685,AGRICULTURAL DEVELOPMENT BANK,ATEBUBU
608,80686,AGRICULTURAL DEVELOPMENT BANK,BONSO NKWANTA
609,80687,AGRICULTURAL DEVELOPMENT BANK,SEFWI ESSAM
610,80771,AGRICULTURAL DEVELOPMENT BANK,SUNYANI
611,80772,AGRICULTURAL DEVELOPMENT BANK,DORMAA AHENKRO
612,80774,AGRICULTURAL DEVELOPMENT BANK,BEREKUM
613,80775,AGRICULTURAL DEVELOPMENT BANK,NKORANSAH
614,80776,AGRICULTURAL DEVELOPMENT BANK,TECHIMAN
615,80777,AGRICULTURAL DEVELOPMENT BANK,GOASO
616,80778,AGRICULTURAL DEVELOPMENT BANK,KWAPONG
617,80779,AGRICULTURAL DEVELOPMENT BANK,KENYASE
618,80881,AGRICULTURAL DEVELOPMENT BANK,TAMALE
619,80882,AGRICULTURAL DEVELOPMENT BANK,TAMALE ABOABO
620,80883,AGRICULTURAL DEVELOPMENT BANK,YENDI
621,80888,AGRICULTURAL DEVELOPMENT BANK,BOLE
622,80889,AGRICULTURAL DEVELOPMENT BANK,KALADAN
623,80890,AGRICULTURAL DEVELOPMENT BANK,BUIPE
624,80897,AGRICULTURAL DEVELOPMENT BANK,SAVELUGU
625,80991,AGRICULTURAL DEVELOPMENT BANK,BOLGATANGA
626,80992,AGRICULTURAL DEVELOPMENT BANK,BAWKU
627,80993,AGRICULTURAL DEVELOPMENT BANK,NAVRONGO
628,80994,AGRICULTURAL DEVELOPMENT BANK,TUMU
629,80995,AGRICULTURAL DEVELOPMENT BANK,WA
630,80996,AGRICULTURAL DEVELOPMENT BANK,WALEWALE
631,81095,AGRICULTURAL DEVELOPMENT BANK,WA
632,81151,AGRICULTURAL DEVELOPMENT BANK,HOHOE
633,90101,SOCIETE GENERAL GHANA LTD,ACCRA MAIN
634,90102,SOCIETE GENERAL GHANA LTD,NORTH INDUSTRIAL AREA
635,90103,SOCIETE GENERAL GHANA LTD,TUDU
636,90104,SOCIETE GENERAL GHANA LTD,ACCRA NEW TOWN
637,90105,SOCIETE GENERAL GHANA LTD,FAANOFA
638,90106,SOCIETE GENERAL GHANA LTD,TEMA COMMUNITY TWO
639,90107,SOCIETE GENERAL GHANA LTD,OSU
640,90108,SOCIETE GENERAL GHANA LTD,OKAISHIE
641,90109,SOCIETE GENERAL GHANA LTD,KANASHIE
642,90110,SOCIETE GENERAL GHANA LTD,TEMA FISHING HARBOUR
643,90114,SOCIETE GENERAL GHANA LTD,PREMIER TOWERS
644,90115,SOCIETE GENERAL GHANA LTD,HEAD OFFICE
645,90117,SOCIETE GENERAL GHANA LTD,SPINTEX ROAD
646,90118,SOCIETE GENERAL GHANA LTD,MADINA
647,90119,SOCIETE GENERAL GHANA LTD,KASOA
648,90120,SOCIETE GENERAL GHANA LTD,TEMA COMMUNITY ONE
649,90121,SOCIETE GENERAL GHANA LTD,ASHIAMAN
650,90122,SOCIETE GENERAL GHANA LTD,EAST LEGON
651,90123,SOCIETE GENERAL GHANA LTD,AIRPORT CITY
652,90124,SOCIETE GENERAL GHANA LTD,DANSOMAN
653,90125,SOCIETE GENERAL GHANA LTD,KANESHIE MARKET
654,90126,SOCIETE GENERAL GHANA LTD,ACHIMOTA
655,90201,SOCIETE GENERAL GHANA LTD,KOFORIDUA
656,90202,SOCIETE GENERAL GHANA LTD,AKIM ODA
657,90301,SOCIETE GENERAL GHANA LTD,CAPE COAST
658,90302,SOCIETE GENERAL GHANA LTD,DUNKWA
659,90401,SOCIETE GENERAL GHANA LTD,TAKORADI
660,90404,SOCIETE GENERAL GHANA LTD,TARKWA
661,90411,SOCIETE GENERAL GHANA LTD,TAKORADI MARKET CIRCLE
662,90501,SOCIETE GENERAL GHANA LTD,HO
663,90601,SOCIETE GENERAL GHANA LTD,ADUM
664,90602,SOCIETE GENERAL GHANA LTD,KUMASI CENTRAL
665,90603,SOCIETE GENERAL GHANA LTD,BIBIANI
666,90605,SOCIETE GENERAL GHANA LTD,ASAFO
667,90606,SOCIETE GENERAL GHANA LTD,SUAMI
668,90607,SOCIETE GENERAL GHANA LTD,KEJETIA
669,90701,SOCIETE GENERAL GHANA LTD,SUNYANI
670,90741,SOCIETE GENERAL GHANA LTD,BEREKUM
671,90801,SOCIETE GENERAL GHANA LTD,TAMALE
672,90901,SOCIETE GENERAL GHANA LTD,BOLGATANGA
673,91001,SOCIETE GENERAL GHANA LTD,WA
674,100100,UNIVERSAL MERCHANT BANK (GH) LTD,
675,100101,UNIVERSAL MERCHANT BANK (GH) LTD,ACCRA
676,100102,UNIVERSAL MERCHANT BANK (GH) LTD,TEMA
677,100103,UNIVERSAL MERCHANT BANK (GH) LTD,RIDGE
678,100104,UNIVERSAL MERCHANT BANK (GH) LTD,ADABRAKA
679,100105,UNIVERSAL MERCHANT BANK (GH) LTD,KANESHIE
680,100106,UNIVERSAL MERCHANT BANK (GH) LTD,ABEKA
681,100107,UNIVERSAL MERCHANT BANK (GH) LTD,NORTH INDUSTRIAL
682,100108,UNIVERSAL MERCHANT BANK (GH) LTD,TEMA EAST
683,100109,UNIVERSAL MERCHANT BANK (GH) LTD,ACHIMOTA
684,100110,UNIVERSAL MERCHANT BANK (GH) LTD,ABOSEY OKAI
685,100111,UNIVERSAL MERCHANT BANK (GH) LTD,SOUTH INDUSTRIAL AREA
686,100112,UNIVERSAL MERCHANT BANK (GH) LTD,OSU
687,100113,UNIVERSAL MERCHANT BANK (GH) LTD,LABONE
688,100114,UNIVERSAL MERCHANT BANK (GH) LTD,AIRPORT CITY
689,100115,UNIVERSAL MERCHANT BANK (GH) LTD,JUNCTION MALL
690,100116,UNIVERSAL MERCHANT BANK (GH) LTD,East Legon
691,100117,UNIVERSAL MERCHANT BANK (GH) LTD,OXFORD STREET
692,100118,UNIVERSAL MERCHANT BANK (GH) LTD,SPINTEX ROAD
693,100119,UNIVERSAL MERCHANT BANK (GH) LTD,SAKAMAN
694,100122,UNIVERSAL MERCHANT BANK (GH) LTD,MADINA
695,100204,UNIVERSAL MERCHANT BANK (GH) LTD,KOFORIDUA
696,100401,UNIVERSAL MERCHANT BANK (GH) LTD,TAKORADI
697,100402,UNIVERSAL MERCHANT BANK (GH) LTD,TARKWA
698,100501,UNIVERSAL MERCHANT BANK (GH) LTD,KASOA
699,100601,UNIVERSAL MERCHANT BANK (GH) LTD,KUMASI
700,100602,UNIVERSAL MERCHANT BANK (GH) LTD,BIBIANI
701,100603,UNIVERSAL MERCHANT BANK (GH) LTD,ASAFO
702,100604,UNIVERSAL MERCHANT BANK (GH) LTD,BANTAMA
703,100605,UNIVERSAL MERCHANT BANK (GH) LTD,ADUM
704,100606,UNIVERSAL MERCHANT BANK (GH) LTD,KONONGO
705,100701,UNIVERSAL MERCHANT BANK (GH) LTD,TECHIMAN
706,100801,UNIVERSAL MERCHANT BANK (GH) LTD,TAMALE
707,110100,REPUBLIC BANK (GH) LTD,
708,110101,REPUBLIC BANK (GH) LTD,EBANKESE
709,110103,REPUBLIC BANK (GH) LTD,ACCRA CENTRAL
710,110104,REPUBLIC BANK (GH) LTD,RIDGE
711,110105,REPUBLIC BANK (GH) LTD,TEMA
712,110107,REPUBLIC BANK (GH) LTD,LEGON
713,110108,REPUBLIC BANK (GH) LTD,ABOSEY OKAI
714,110109,REPUBLIC BANK (GH) LTD,TUDU
715,110116,REPUBLIC BANK (GH) LTD,BAATSONA
716,110117,REPUBLIC BANK (GH) LTD,PRIVATE BANKING
717,110118,REPUBLIC BANK (GH) LTD,ASHIAMAN
718,110119,REPUBLIC BANK (GH) LTD,POST OFFICE SQUARE
719,110120,REPUBLIC BANK (GH) LTD,ADABRAKA
720,110121,REPUBLIC BANK (GH) LTD,DANSOMAN
721,110122,REPUBLIC BANK (GH) LTD,ACCRA NEW TOWN
722,110123,REPUBLIC BANK (GH) LTD,MADINA
723,110124,REPUBLIC BANK (GH) LTD,ACHIMOTA
724,110126,REPUBLIC BANK (GH) LTD,ADJIRIGANO
725,110127,REPUBLIC BANK (GH) LTD,Community 25
726,110215,REPUBLIC BANK (GH) LTD,KOFORIDUA
727,110216,REPUBLIC BANK (GH) LTD,ASAMANKESE
728,110301,REPUBLIC BANK (GH) LTD,KASOA
729,110302,REPUBLIC BANK (GH) LTD,SWEDRU
730,110303,REPUBLIC BANK (GH) LTD,CAPE COAST
731,110304,REPUBLIC BANK (GH) LTD,WINNEBA
732,110401,REPUBLIC BANK (GH) LTD,TAKORADI
733,110402,REPUBLIC BANK (GH) LTD,SEFWI WIAWSO
734,110403,REPUBLIC BANK (GH) LTD,SEFWI BEKWAI
735,110404,REPUBLIC BANK (GH) LTD,JUABESO
736,110405,REPUBLIC BANK (GH) LTD,AKONTOMBRA
737,110406,REPUBLIC BANK (GH) LTD,ESSAM
738,110407,REPUBLIC BANK (GH) LTD,ASEMPANAYE
739,110409,REPUBLIC BANK (GH) LTD,ASANKRAGWA
740,110601,REPUBLIC BANK (GH) LTD,KUMASI
741,110604,REPUBLIC BANK (GH) LTD,KUMASI MAGAZINE
742,110605,REPUBLIC BANK (GH) LTD,ASOKWA
743,110613,REPUBLIC BANK (GH) LTD,KNUST
744,110710,REPUBLIC BANK (GH) LTD,TECHIMAN
745,110711,REPUBLIC BANK (GH) LTD,GOASO
746,110814,REPUBLIC BANK (GH) LTD,TAMALE
747,110901,REPUBLIC BANK (GH) LTD,BOLGA
748,120101,ZENITH BANK,PREMIER TOWERS
749,120102,ZENITH BANK,PATRICE LUMUMBA ROAD
750,120103,ZENITH BANK,TEMA COMMUNITY 1
751,120104,ZENITH BANK,KOJO THOMPSON ROAD
752,120105,ZENITH BANK,SPINTEX
753,120106,ZENITH BANK,GRAPHIC ROAD
754,120107,ZENITH BANK,NORTH INDUSTRIAL AREA
755,120108,ZENITH BANK,LABONE
756,120109,ZENITH BANK,EAST LEGON
757,120110,ZENITH BANK,TEMA INDUSTRIAL AREA
758,120111,ZENITH BANK,ACHIMOTA
759,120112,ZENITH BANK,AKOSOMBO
760,120113,ZENITH BANK,TEMA METRO
761,120114,ZENITH BANK,FREE ZONES
762,120115,ZENITH BANK,TRADE FAIR
763,120116,ZENITH BANK,SAKAMAN
764,120117,ZENITH BANK,PREMIER TOWERS
765,120201,ZENITH BANK,KOFORIDUA
766,120301,ZENITH BANK,CAPE COAST
767,120401,ZENITH BANK,TAKORADI MAIN
768,120402,ZENITH BANK,TAKORADI HABOUR
769,120403,ZENITH BANK,TARKWA
770,120501,ZENITH BANK,Ho Branch
771,120601,ZENITH BANK,KUMASI MAIN
772,120602,ZENITH BANK,Adum
773,120603,ZENITH BANK,SUAME
774,120701,ZENITH BANK,SUNYANI
775,120801,ZENITH BANK,Tamale
776,130101,ECOBANK GHANA LTD,HEAD OFFICE
777,130102,ECOBANK GHANA LTD,TEMA
778,130103,ECOBANK GHANA LTD,RING ROAD CENTRAL
779,130104,ECOBANK GHANA LTD,TUDU
780,130105,ECOBANK GHANA LTD,SILVER STAR
781,130106,ECOBANK GHANA LTD,OSU
782,130107,ECOBANK GHANA LTD,A AND C
783,130108,ECOBANK GHANA LTD,TEMA LONG ROOM
784,130109,ECOBANK GHANA LTD,McCARTHY HILL
785,130110,ECOBANK GHANA LTD,ROMAN RIDGE
786,130111,ECOBANK GHANA LTD,ABEKA LAPAZ
787,130112,ECOBANK GHANA LTD,DANSOMAN
788,130113,ECOBANK GHANA LTD,TEMA COMMUNITY 6
789,130114,ECOBANK GHANA LTD,DARKUMAN
790,130115,ECOBANK GHANA LTD,LEGON
791,130116,ECOBANK GHANA LTD,SOUTH INDUSTRIAL AREA(SIA)
792,130117,ECOBANK GHANA LTD,SPINTEX
793,130118,ECOBANK GHANA LTD,ACCRA SHOPPING MALL
794,130119,ECOBANK GHANA LTD,TEMA SHOPPING MALL
795,130120,ECOBANK GHANA LTD,WEIJA
796,130121,ECOBANK GHANA LTD,ACHIMOTA MILE 7
797,130122,ECOBANK GHANA LTD,MADINA
798,130123,ECOBANK GHANA LTD,HAATSOO
799,130124,ECOBANK GHANA LTD,WESTLANDS
800,130125,ECOBANK GHANA LTD,MOTOR WAY ROUNDABOUT
801,130127,ECOBANK GHANA LTD,KOTOBABI
802,130128,ECOBANK GHANA LTD,SAFE BOND
803,130129,ECOBANK GHANA LTD,LABONE
804,130130,ECOBANK GHANA LTD,BURMA CAMP
805,130131,ECOBANK GHANA LTD,REINSURANCE HOUSE
806,130132,ECOBANK GHANA LTD,TRUST TOWERS
807,130133,ECOBANK GHANA LTD,TESANO
808,130134,ECOBANK GHANA LTD,HOSPITAL ROAD
809,130135,ECOBANK GHANA LTD,KASOA
810,130136,ECOBANK GHANA LTD,KANTAMANTO
811,130137,ECOBANK GHANA LTD,MADINA CENTRAL
812,130138,ECOBANK GHANA LTD,COMMUNITY1
813,130139,ECOBANK GHANA LTD,SAKUMONO
814,130140,ECOBANK GHANA LTD,HIGH STREET
815,130141,ECOBANK GHANA LTD,KWASHIEMAN
816,130142,ECOBANK GHANA LTD,KISSEIMAN
817,130145,ECOBANK GHANA LTD,ACCION
818,130146,ECOBANK GHANA LTD,OPPORTUNITY INT. SAVINGS AND LOAN
819,130147,ECOBANK GHANA LTD,EAST AIRPORT
820,130148,ECOBANK GHANA LTD,KWABENYA
821,130149,ECOBANK GHANA LTD,OKPONGLO
822,130150,ECOBANK GHANA LTD,ASHAIMAN
823,130153,ECOBANK GHANA LTD,KWAME NKRUMAH AVENUE
824,130154,ECOBANK GHANA LTD,ADEHYEMAN SAVINGS & LOAN
825,130161,ECOBANK GHANA LTD,NBFI-ADVANS GH
826,130162,ECOBANK GHANA LTD,NEW ABEKA
827,130163,ECOBANK GHANA LTD,GOLDEN PRIDE S&L
828,130164,ECOBANK GHANA LTD,PRIVATE BANKING
829,130201,ECOBANK GHANA LTD,NEW ABIREM
830,130401,ECOBANK GHANA LTD,TAKORADI
831,130402,ECOBANK GHANA LTD,TARKWA
832,130403,ECOBANK GHANA LTD,TAKORADI MARKET CIRCLE
833,130404,ECOBANK GHANA LTD,ELUBU
834,130405,ECOBANK GHANA LTD,TAKORADI COLLINS STREET
835,130406,ECOBANK GHANA LTD,ESIAMA
836,130501,ECOBANK GHANA LTD,AFLAO
837,130601,ECOBANK GHANA LTD,KUMASI HARPER ROAD
838,130602,ECOBANK GHANA LTD,JUBILEE HOUSE
839,130603,ECOBANK GHANA LTD,KNUST
840,130604,ECOBANK GHANA LTD,ADUM
841,130605,ECOBANK GHANA LTD,ABREPO JUNCTION
842,130606,ECOBANK GHANA LTD,TAFO
843,130607,ECOBANK GHANA LTD,ASH TOWN
844,130608,ECOBANK GHANA LTD,KEJETIA
845,130609,ECOBANK GHANA LTD,ABREPO MAIN
846,130610,ECOBANK GHANA LTD,BANTAMA
847,130611,ECOBANK GHANA LTD,STADIUM
848,130612,ECOBANK GHANA LTD,TANOSO
849,130614,ECOBANK GHANA LTD,SSNIT HOUSE
850,130615,ECOBANK GHANA LTD,SUAME
851,130616,ECOBANK GHANA LTD,ASHTOWN EAST
852,130701,ECOBANK GHANA LTD,KENYASI AGENCY
853,130702,ECOBANK GHANA LTD,SUNYANI
854,130801,ECOBANK GHANA LTD,TAMALE
855,140100,CAL BANK LTD,
856,140100,CAL BANK LTD,HEAD OFFICE
857,140101,CAL BANK LTD,INDEPENDENCE AVENUE
858,140102,CAL BANK LTD,TEMA
859,140103,CAL BANK LTD,DERBY AVENUE
860,140104,CAL BANK LTD,SPINTEX ROAD
861,140105,CAL BANK LTD,GRAPHIC ROAD
862,140106,CAL BANK LTD,TEMA HARBOUR
863,140107,CAL BANK LTD,WEIJA
864,140108,CAL BANK LTD,CIRCLE
865,140109,CAL BANK LTD,LEGON
866,140110,CAL BANK LTD,RING ROAD CENTRAL
867,140111,CAL BANK LTD,ACHIMOTA
868,140112,CAL BANK LTD,OSU
869,140113,CAL BANK LTD,COMMUNITY 25
870,140114,CAL BANK LTD,EAST LEGON
871,140115,CAL BANK LTD,DANSOMAN
872,140116,CAL BANK LTD,LABONE
873,140117,CAL BANK LTD,AIRPORT CITY
874,140118,CAL BANK LTD,AIRPORT REFINERY
875,140190,CAL BANK LTD,PRIVATE BANKING
876,140199,CAL BANK LTD,OPPORTUNITY SAVINGS & LOANS
877,140401,CAL BANK LTD,TAKORADI
878,140402,CAL BANK LTD,TARKWA
879,140403,CAL BANK LTD,TAKORADI HARBOUR
880,140404,CAL BANK LTD,ESIAMA
881,140405,CAL BANK LTD,SEKONDI ROAD
882,140601,CAL BANK LTD,NHYIEASO
883,140602,CAL BANK LTD,SUAME
884,140603,CAL BANK LTD,KEJETIA
885,140604,CAL BANK LTD,KNUST
886,140605,CAL BANK LTD,ASAFO
887,140801,CAL BANK LTD,TAMALE
888,170114,FIRST ATLANTIC BANK LTD,EAST LEGON MAIN
889,170115,FIRST ATLANTIC BANK LTD,KOTOBABI
890,170116,FIRST ATLANTIC BANK LTD,SAKUMONO
891,170117,FIRST ATLANTIC BANK LTD,AMERICAN HOUSE
892,170118,FIRST ATLANTIC BANK LTD,LAPAZ
893,170119,FIRST ATLANTIC BANK LTD,SAKAMAN
894,170120,FIRST ATLANTIC BANK LTD,DWORWULU
895,170121,FIRST ATLANTIC BANK LTD,RING ROAD
896,170122,FIRST ATLANTIC BANK LTD,MADINA
897,170123,FIRST ATLANTIC BANK LTD,KASOA
898,170124,FIRST ATLANTIC BANK LTD,OSU MAIN
899,170126,FIRST ATLANTIC BANK LTD,TEMA COMM 1
900,170127,FIRST ATLANTIC BANK LTD,SPINTEX
901,170128,FIRST ATLANTIC BANK LTD,37
902,170129,FIRST ATLANTIC BANK LTD,TRADE FAIR
903,170180,FIRST ATLANTIC BANK LTD,SIC LIFE SAVINGS AND LOANS LIMITED
904,170401,FIRST ATLANTIC BANK LTD,TADI MARKT CIRCLE
905,170601,FIRST ATLANTIC BANK LTD,KUMASI
906,170602,FIRST ATLANTIC BANK LTD,SUAME
907,170603,FIRST ATLANTIC BANK LTD,ADUM
908,170605,FIRST ATLANTIC BANK LTD,MANHYIA
909,170650,FIRST ATLANTIC BANK LTD,MULTICREDIT SAVINGS & LOANS LIMITED
910,170701,FIRST ATLANTIC BANK LTD,TECHIMAN
911,170801,FIRST ATLANTIC BANK LTD,TAMALE
912,180100,PRUDENTIAL BANK LTD,
913,180101,PRUDENTIAL BANK LTD,ACCRA
914,180102,PRUDENTIAL BANK LTD,ABOSSEY OKAI
915,180103,PRUDENTIAL BANK LTD,GICEL
916,180104,PRUDENTIAL BANK LTD,TEMA FISHING HABOUR
917,180105,PRUDENTIAL BANK LTD,MADINA
918,180107,PRUDENTIAL BANK LTD,MAKOLA
919,180109,PRUDENTIAL BANK LTD,RING ROAD CENTRAL
920,180110,PRUDENTIAL BANK LTD,SPINTEX ROAD
921,180111,PRUDENTIAL BANK LTD,TEMA COMMUNITY 1
922,180112,PRUDENTIAL BANK LTD,WEIJA
923,180113,PRUDENTIAL BANK LTD,TESANO
924,180114,PRUDENTIAL BANK LTD,ZONGO JUNCTION
925,180115,PRUDENTIAL BANK LTD,ODORKOR
926,180116,PRUDENTIAL BANK LTD,ABEKA
927,180117,PRUDENTIAL BANK LTD,NORTH INDUSTRIAL AREA
928,180118,PRUDENTIAL BANK LTD,ADENTA
929,180119,PRUDENTIAL BANK LTD,KWAME NKRUMAH CIRCLE
930,180120,PRUDENTIAL BANK LTD,MATAHEKO
931,180121,PRUDENTIAL BANK LTD,OKAISHIE
932,180122,PRUDENTIAL BANK LTD,EAST LEGON
933,180123,PRUDENTIAL BANK LTD,BAWALESHIE
934,180124,PRUDENTIAL BANK LTD,NUNGUA
935,180125,PRUDENTIAL BANK LTD,VALLEY VIEW UNIVERSITY
936,180126,PRUDENTIAL BANK LTD,UNIVERSITY OF GHANA
937,180127,PRUDENTIAL BANK LTD,TAIFA
938,180128,PRUDENTIAL BANK LTD,AIRPORT CITY
939,180129,PRUDENTIAL BANK LTD,CANTONMENTS
940,180199,PRUDENTIAL BANK LTD,GOLDEN LINK SAVINGS AND LOANS COMPANY
941,180201,PRUDENTIAL BANK LTD,KOFORIDUA
942,180301,PRUDENTIAL BANK LTD,CAPECOAST
943,180302,PRUDENTIAL BANK LTD,UNIV. OF CAPE COAST
944,180401,PRUDENTIAL BANK LTD,TAKORADI HARBOUR
945,180402,PRUDENTIAL BANK LTD,TAKORADI MARKET CIRCLE
946,180601,PRUDENTIAL BANK LTD,KUMASI
947,180602,PRUDENTIAL BANK LTD,ADUM-KUMASI
948,180603,PRUDENTIAL BANK LTD,AFFUL NKWANTA
949,180604,PRUDENTIAL BANK LTD,ABOABO
950,180605,PRUDENTIAL BANK LTD,ATONSU
951,180606,PRUDENTIAL BANK LTD,SUAME MAAKRO
952,180607,PRUDENTIAL BANK LTD,SANTASI ROUNDABOUT
953,180701,PRUDENTIAL BANK LTD,TECHIMAN
954,180801,PRUDENTIAL BANK LTD,TAMALE
955,190101,STANBIC BANK GHANA LTD,ACCRA MAIN
956,190102,STANBIC BANK GHANA LTD,AIRPORT CITY
957,190103,STANBIC BANK GHANA LTD,SPINTEX ROAD
958,190104,STANBIC BANK GHANA LTD,ACCRA MALL
959,190105,STANBIC BANK GHANA LTD,NORTH INDUSTIAL AREA
960,190106,STANBIC BANK GHANA LTD,TEMA INDUSTRIAL AREA
961,190107,STANBIC BANK GHANA LTD,GRAPHIC ROAD
962,190108,STANBIC BANK GHANA LTD,MAKOLA
963,190109,STANBIC BANK GHANA LTD,RIND ROAD
964,190110,STANBIC BANK GHANA LTD,ACHIMOTA
965,190112,STANBIC BANK GHANA LTD,KASOA
966,190113,STANBIC BANK GHANA LTD,TEMA FISHING HABOUR
967,190114,STANBIC BANK GHANA LTD,MOVENPICK
968,190115,STANBIC BANK GHANA LTD,MADINA
969,190116,STANBIC BANK GHANA LTD,DANSOMAN
970,190117,STANBIC BANK GHANA LTD,ASHAIMAN
971,190118,STANBIC BANK GHANA LTD,TEMA COMMUNITY ONE
972,190119,STANBIC BANK GHANA LTD,EAST LEGON
973,190120,STANBIC BANK GHANA LTD,LAPAZ
974,190121,STANBIC BANK GHANA LTD,STANBIC HEIGHTS
975,190122,STANBIC BANK GHANA LTD,INTEGRATED PROCESSING CENTER
976,190123,STANBIC BANK GHANA LTD,CASH CENTRE
977,190124,STANBIC BANK GHANA LTD,WEST HILLS MALL
978,190125,STANBIC BANK GHANA LTD,JUNCTION MALL
979,190127,STANBIC BANK GHANA LTD,TUDU
980,190128,STANBIC BANK GHANA LTD,ACHIMOTA MALL
981,190130,STANBIC BANK GHANA LTD,LEGON
982,190132,STANBIC BANK GHANA LTD,SERVICES INTERGRITY SAVINGS AND LOANS LIMITED
983,190133,STANBIC BANK GHANA LTD,AGJIRINGANOR
984,190401,STANBIC BANK GHANA LTD,TAKORADI
985,190402,STANBIC BANK GHANA LTD,TARKWA
986,190601,STANBIC BANK GHANA LTD,HARPER-KUMASI
987,190602,STANBIC BANK GHANA LTD,SUAME
988,190603,STANBIC BANK GHANA LTD,ADUM
989,190604,STANBIC BANK GHANA LTD,ASHTOWN
990,190605,STANBIC BANK GHANA LTD,KUMASI
991,190606,STANBIC BANK GHANA LTD,KNUST
992,190607,STANBIC BANK GHANA LTD,ASOKWA
993,190701,STANBIC BANK GHANA LTD,SUNYANI
994,190801,STANBIC BANK GHANA LTD,TAMALE
995,190901,STANBIC BANK GHANA LTD,BOLGATANGA
996,191001,STANBIC BANK GHANA LTD,WA
997,200101,FIRST BANK NIGERIA,MAKOLA
998,200102,FIRST BANK NIGERIA,KASOA
999,200103,FIRST BANK NIGERIA,TEMA
1000,200104,FIRST BANK NIGERIA,KANESHIE
1001,200105,FIRST BANK NIGERIA,RING ROAD CENTRAL
1002,200106,FIRST BANK NIGERIA,DANSOMAN
1003,200107,FIRST BANK NIGERIA,SPINTEX ROAD
1004,200108,FIRST BANK NIGERIA,SWEDRU
1005,200109,FIRST BANK NIGERIA,ACHIMOTA
1006,200110,FIRST BANK NIGERIA,SWANMILL
1007,200111,FIRST BANK NIGERIA,KORLE-BU
1008,200112,FIRST BANK NIGERIA,DOME
1009,200113,FIRST BANK NIGERIA,SANTA MARIA
1010,200114,FIRST BANK NIGERIA,SPINTEX 2
1011,200115,FIRST BANK NIGERIA,AIRPORT
1012,200401,FIRST BANK NIGERIA,TAKORADI
1013,200601,FIRST BANK NIGERIA,ADUM
1014,200602,FIRST BANK NIGERIA,SUAME
1015,200701,FIRST BANK NIGERIA,TECHIMAN
1016,210101,BANK OF AFRICA,FARRAR AVE
1017,210102,BANK OF AFRICA,RIDGE
1018,210103,BANK OF AFRICA,MAAMOBI
1019,210104,BANK OF AFRICA,ACCRA CENTRAL
1020,210105,BANK OF AFRICA,NEWTOWN
1021,210106,BANK OF AFRICA,MICHEL CAMP
1022,210111,BANK OF AFRICA,EAST LEGON
1023,210112,BANK OF AFRICA,KWASHIEMAN
1024,210113,BANK OF AFRICA,OSU
1025,210114,BANK OF AFRICA,SPINTEX ROAD
1026,210116,BANK OF AFRICA,TEMA
1027,210117,BANK OF AFRICA,DANSOMAN
1028,210118,BANK OF AFRICA,MADINA
1029,210119,BANK OF AFRICA,ABOSSEY OKAI
1030,210122,BANK OF AFRICA,WHOLESALE CENTER
1031,210123,BANK OF AFRICA,TESHIE NUNGUA
1032,210124,BANK OF AFRICA,OPERA SQUARE
1033,210125,BANK OF AFRICA,AIRPORT CITY
1034,210126,BANK OF AFRICA,OCTAGON
1035,210401,BANK OF AFRICA,TAKORADI
1036,210601,BANK OF AFRICA,KUMASI AMAKOM
1037,210602,BANK OF AFRICA,KUMASI -ADUM
1038,210603,BANK OF AFRICA,SOKOBAN
1039,210604,BANK OF AFRICA,SUAME
1040,210699,BANK OF AFRICA,MULTICREDIT SAVINGS AND LOANS CO.
1041,210801,BANK OF AFRICA,TAMALE
1042,210901,BANK OF AFRICA,BOLGATANGA
1043,211001,BANK OF AFRICA,WA
1044,230101,GUARANTY TRUST (GH) LTD,HEAD OFFICE
1045,230102,GUARANTY TRUST (GH) LTD,AIRPORT
1046,230103,GUARANTY TRUST (GH) LTD,TEMA
1047,230104,GUARANTY TRUST (GH) LTD,OSU
1048,230105,GUARANTY TRUST (GH) LTD,SPINTEX ROAD
1049,230106,GUARANTY TRUST (GH) LTD,LABONE
1050,230107,GUARANTY TRUST (GH) LTD,GRAPHIC ROAD
1051,230108,GUARANTY TRUST (GH) LTD,ASHIAMAN
1052,230109,GUARANTY TRUST (GH) LTD,TUDU
1053,230110,GUARANTY TRUST (GH) LTD,MADINA
1054,230111,GUARANTY TRUST (GH) LTD,ACHIMOTA
1055,230112,GUARANTY TRUST (GH) LTD,NIA
1056,230113,GUARANTY TRUST (GH) LTD,COMMUNITY 6
1057,230114,GUARANTY TRUST (GH) LTD,OPERA SQUARE
1058,230115,GUARANTY TRUST (GH) LTD,LAPAZ
1059,230116,GUARANTY TRUST (GH) LTD,EAST LEGON
1060,230117,GUARANTY TRUST (GH) LTD,DOME
1061,230118,GUARANTY TRUST (GH) LTD,MAKOLA
1062,230119,GUARANTY TRUST (GH) LTD,RING ROAD
1063,230120,GUARANTY TRUST (GH) LTD,BAATSONA
1064,230122,GUARANTY TRUST (GH) LTD,TEMA MAIN HARBOUR
1065,230123,GUARANTY TRUST (GH) LTD,ONE AIRPORT SQUARE
1066,230124,GUARANTY TRUST (GH) LTD,DANSOMAN
1067,230184,GUARANTY TRUST (GH) LTD,ASURANCE SAVINGS AND LOANS LTD
1068,230301,GUARANTY TRUST (GH) LTD,CAPE - COAST
1069,230302,GUARANTY TRUST (GH) LTD,KASOA
1070,230401,GUARANTY TRUST (GH) LTD,TAKORADI
1071,230402,GUARANTY TRUST (GH) LTD,TARKWA
1072,230501,GUARANTY TRUST (GH) LTD,AFLAO
1073,230601,GUARANTY TRUST (GH) LTD,KUMASI-LAKE ROAD
1074,230602,GUARANTY TRUST (GH) LTD,ADUM
1075,230603,GUARANTY TRUST (GH) LTD,ALABAR
1076,230652,GUARANTY TRUST (GH) LTD,ST PETER'S CO-OPERATIVE CREDIT UNION
1077,230653,GUARANTY TRUST (GH) LTD,NOBLE DREAM MICROFINANCE LTD
1078,230680,GUARANTY TRUST (GH) LTD,ADEHYEMAN SAVINGS & LOANS LTD
1079,230701,GUARANTY TRUST (GH) LTD,TECHIMAN
1080,230801,GUARANTY TRUST (GH) LTD,TAMALE
1081,240100,FIDELITY BANK GHANA,
1082,240100,FIDELITY BANK GHANA,HEAD OFFICE
1083,240101,FIDELITY BANK GHANA,RIDGE TOWERS
1084,240102,FIDELITY BANK GHANA,SPINTEX ROAD
1085,240103,FIDELITY BANK GHANA,HIGH STREET
1086,240104,FIDELITY BANK GHANA,OSU
1087,240105,FIDELITY BANK GHANA,ABOSSEY OKAI
1088,240106,FIDELITY BANK GHANA,TEMA SAFE BOND
1089,240107,FIDELITY BANK GHANA,KANTAMANTO
1090,240108,FIDELITY BANK GHANA,TUDU
1091,240109,FIDELITY BANK GHANA,TEMA-COMMUNITY ONE
1092,240110,FIDELITY BANK GHANA,OKAISHIE
1093,240111,FIDELITY BANK GHANA,ACTION CHAPEL
1094,240112,FIDELITY BANK GHANA,A AND C MALL
1095,240113,FIDELITY BANK GHANA,DANSOMAN
1096,240114,FIDELITY BANK GHANA,RING ROAD
1097,240115,FIDELITY BANK GHANA,HAATSO
1098,240116,FIDELITY BANK GHANA,TEMA COMMUNITY 2
1099,240117,FIDELITY BANK GHANA,ACCRA CENTRAL POSTBANK
1100,240118,FIDELITY BANK GHANA,ADENTA
1101,240119,FIDELITY BANK GHANA,IPS
1102,240120,FIDELITY BANK GHANA,TRADE FAIR LA
1103,240121,FIDELITY BANK GHANA,TESANO
1104,240122,FIDELITY BANK GHANA,DZORWULU
1105,240123,FIDELITY BANK GHANA,MAMPROBI POSTBANK
1106,240124,FIDELITY BANK GHANA,KWAME NKRUMAH AVENUE
1107,240125,FIDELITY BANK GHANA,ACHIMOTA
1108,240126,FIDELITY BANK GHANA,GWB LAPAZ
1109,240127,FIDELITY BANK GHANA,NUNGUA
1110,240128,FIDELITY BANK GHANA,ASHAIMAN
1111,240129,FIDELITY BANK GHANA,AIRPORT ACCRA
1112,240130,FIDELITY BANK GHANA,MAAMOBI
1113,240131,FIDELITY BANK GHANA,KOKOMLEMLE
1114,240132,FIDELITY BANK GHANA,KANESHIE MAIN
1115,240133,FIDELITY BANK GHANA,TEMA COMM. 1 MAIN
1116,240134,FIDELITY BANK GHANA,MADINA MARKET
1117,240135,FIDELITY BANK GHANA,TUDU MAIN
1118,240136,FIDELITY BANK GHANA,DANSOMAN MAIN
1119,240138,FIDELITY BANK GHANA,ABEKA
1120,240142,FIDELITY BANK GHANA,ASHAIMAN MARKET
1121,240143,FIDELITY BANK GHANA,AIRPORT PC
1122,240144,FIDELITY BANK GHANA,KASOA
1123,240145,FIDELITY BANK GHANA,DOME
1124,240146,FIDELITY BANK GHANA,KANESHIE MARKET
1125,240147,FIDELITY BANK GHANA,MADINA
1126,240148,FIDELITY BANK GHANA,OSU DANQUAH CIRCLE
1127,240149,FIDELITY BANK GHANA,NUNGUA BRIGADE
1128,240150,FIDELITY BANK GHANA,TEMA COMMUNITY 25
1129,240151,FIDELITY BANK GHANA,WEIJA
1130,240152,FIDELITY BANK GHANA,EAST LEGON
1131,240191,FIDELITY BANK GHANA,HOHOE
1132,240201,FIDELITY BANK GHANA,NKWAKAW
1133,240203,FIDELITY BANK GHANA,KOFORIDUA
1134,240301,FIDELITY BANK GHANA,ASSIN FOSU
1135,240302,FIDELITY BANK GHANA,CAPE COAST
1136,240303,FIDELITY BANK GHANA,CAPECOAST MAIN
1137,240401,FIDELITY BANK GHANA,TAKORADI MARKET CIRCLE
1138,240402,FIDELITY BANK GHANA,TARKWA
1139,240403,FIDELITY BANK GHANA,TAKORADI POSTBANK
1140,240405,FIDELITY BANK GHANA,TARKWA MAIN
1141,240406,FIDELITY BANK GHANA,TAKORADI EFFIEKUMA
1142,240407,FIDELITY BANK GHANA,TAKORADI MAIN
1143,240501,FIDELITY BANK GHANA,HO
1144,240601,FIDELITY BANK GHANA,STADIUM POST
1145,240602,FIDELITY BANK GHANA,KUMASI-ADUM
1146,240603,FIDELITY BANK GHANA,KUMASI-SUAME
1147,240604,FIDELITY BANK GHANA,ATONSU
1148,240605,FIDELITY BANK GHANA,AHODWO
1149,240606,FIDELITY BANK GHANA,KUMASI ADUM POSTBANK
1150,240607,FIDELITY BANK GHANA,KO METHODIST
1151,240608,FIDELITY BANK GHANA,SANTASI ROUNDABOUT
1152,240609,FIDELITY BANK GHANA,ADUM SAGOE LANE
1153,240610,FIDELITY BANK GHANA,SUAME MAIN
1154,240611,FIDELITY BANK GHANA,ADUM PZ
1155,240612,FIDELITY BANK GHANA,SUAME MAAKRO
1156,240613,FIDELITY BANK GHANA,KNUST
1157,240701,FIDELITY BANK GHANA,SUNYANI POSTBANK
1158,240702,FIDELITY BANK GHANA,BEREKUM
1159,240703,FIDELITY BANK GHANA,TECHIMAN
1160,240704,FIDELITY BANK GHANA,SUNYANI
1161,240801,FIDELITY BANK GHANA,TAMALE
1162,240901,FIDELITY BANK GHANA,BOLGATANGA POSTBANK
1163,241090,FIDELITY BANK GHANA,WA
1164,270101,BSIC BANK GHANA LTD,ADABRAKA
1165,270102,BSIC BANK GHANA,ACCRA CENTRAL
1166,270103,BSIC BANK GHANA,SPINTEX
1167,270104,BSIC BANK GHANA,NIMA
1168,270105,BSIC BANK GHANA,NORTH INDUSTRIAL AREA
1169,270106,BSIC BANK GHANA,MADINA
1170,270602,BSIC BANK GHANA,KUMASI (ALABAR)
1171,270801,BSIC BANK GHANA,TAMALE
1172,280100,ACCESSBANK GHANA LTD,
1173,280100,ACCESSBANK GHANA LTD,HEAD OFFICE
1174,280101,ACCESSBANK GHANA LTD,EAST CANTONMENTS
1175,280102,ACCESSBANK GHANA LTD,TEMA MAIN
1176,280103,ACCESSBANK GHANA LTD,OSU OXFORD
1177,280104,ACCESSBANK GHANA LTD,LASHIBI
1178,280105,ACCESSBANK GHANA LTD,OSU WATSON
1179,280106,ACCESSBANK GHANA LTD,KANTAMANTO
1180,280107,ACCESSBANK GHANA LTD,KANESHIE
1181,280108,ACCESSBANK GHANA LTD,CASTLE ROAD
1182,280109,ACCESSBANK GHANA LTD,MADINA
1183,280110,ACCESSBANK GHANA LTD,SOUTH INDUSTRIAL
1184,280111,ACCESSBANK GHANA LTD,NIA
1185,280112,ACCESSBANK GHANA LTD,RING ROAD CENTRAL
1186,280113,ACCESSBANK GHANA LTD,KANESHIE POST OFFICE
1187,280114,ACCESSBANK GHANA LTD,ABEKA LAPAZ
1188,280115,ACCESSBANK GHANA LTD,OKAISHIE
1189,280116,ACCESSBANK GHANA LTD,ASHAIMAN
1190,280117,ACCESSBANK GHANA LTD,IPS
1191,280118,ACCESSBANK GHANA LTD,ACHIMOTA
1192,280119,ACCESSBANK GHANA LTD,TEMA COMMUNITY 1
1193,280120,ACCESSBANK GHANA LTD,NIMA
1194,280121,ACCESSBANK GHANA LTD,TIA
1195,280122,ACCESSBANK GHANA LTD,AIRPORT
1196,280123,ACCESSBANK GHANA LTD,KASOA
1197,280124,ACCESSBANK GHANA LTD,SPINTEX
1198,280125,ACCESSBANK GHANA LTD,NEWTOWN
1199,280126,ACCESSBANK GHANA LTD,HAATSO
1200,280127,ACCESSBANK GHANA LTD,AIRPORT
1201,280128,ACCESSBANK GHANA LTD,LEGON
1202,280129,ACCESSBANK GHANA LTD,ADJIRIGANOR
1203,280130,ACCESSBANK GHANA LTD,OCTAGON ACCRA
1204,280201,ACCESSBANK GHANA LTD,KOFORIDUA
1205,280401,ACCESSBANK GHANA LTD,TARKWA
1206,280402,ACCESSBANK GHANA LTD,TAKORADI
1207,280403,ACCESSBANK GHANA LTD,SEFWI
1208,280404,ACCESSBANK GHANA LTD,ENCHI
1209,280405,ACCESSBANK GHANA LTD,MARKET CIRCLE TAKORADI
1210,280501,ACCESSBANK GHANA LTD,HO
1211,280601,ACCESSBANK GHANA LTD,KUMASI ASAFO
1212,280602,ACCESSBANK GHANA LTD,ADUM
1213,280603,ACCESSBANK GHANA LTD,SUAME
1214,280604,ACCESSBANK GHANA LTD,AMAKOM
1215,280605,ACCESSBANK GHANA LTD,ALABAR
1216,280606,ACCESSBANK GHANA LTD,KNUST
1217,280607,ACCESSBANK GHANA LTD,KEJETIA
1218,280701,ACCESSBANK GHANA LTD,TECHIMAN
1219,280801,ACCESSBANK GHANA LTD,TAMALE
1220,280901,ACCESSBANK GHANA LTD,BOLGATANGA
1221,281001,ACCESSBANK GHANA LTD,WA
1222,330100,FIRST NATIONAL BANK,HEAD OFFICE
1223,330101,FIRST NATIONAL BANK,JUNCTION SHOPPING CENTRE
1224,330102,FIRST NATIONAL BANK,ACCRA
1225,330106,FIRST NATIONAL BANK,ACCRA MALL
1226,330107,FIRST NATIONAL BANK,ACHIMOTA MALL
1227,330108,FIRST NATIONAL BANK,WEST HILLS MALL
1228,330111,FIRST NATIONAL BANK,MAKOLA
1229,330112,FIRST NATIONAL BANK,TEMA
1230,340100,CONSOLIDATED BANK GHANA,HEAD OFFICE
1231,340101,CONSOLIDATED BANK GHANA,AIRPORT CITY
1232,340102,CONSOLIDATED BANK GHANA,RIDGE
1233,340103,CONSOLIDATED BANK GHANA,TUDU
1234,340104,CONSOLIDATED BANK GHANA,TEMA COMM 1
1235,340105,CONSOLIDATED BANK GHANA,MANET TOWER 3
1236,340106,CONSOLIDATED BANK GHANA,MAKOLA
1237,340107,CONSOLIDATED BANK GHANA,ARENA
1238,340108,CONSOLIDATED BANK GHANA,KOKOMLEMLE
1239,340109,CONSOLIDATED BANK GHANA,ACHIMOTA
1240,340110,CONSOLIDATED BANK GHANA,ADABRAKAH
1241,340111,CONSOLIDATED BANK GHANA,ADENTA
1242,340112,CONSOLIDATED BANK GHANA,SPINTEX
1243,340113,CONSOLIDATED BANK GHANA,AMERICAN HOUSE
1244,340114,CONSOLIDATED BANK GHANA,ANYAA MARKET
1245,340115,CONSOLIDATED BANK GHANA,APENKWA
1246,340116,CONSOLIDATED BANK GHANA,ASHAIMAN ROUND ABOUT
1247,340117,CONSOLIDATED BANK GHANA,ASHAIMAN MAIN
1248,340118,CONSOLIDATED BANK GHANA,ASHALLEY BOTWE
1249,340119,CONSOLIDATED BANK GHANA,ASHIYEA
1250,340120,CONSOLIDATED BANK GHANA,ATOMIC JUNCTION
1251,340121,CONSOLIDATED BANK GHANA,ATOMIC
1252,340122,CONSOLIDATED BANK GHANA,DANSOMAN ROUND-ABOUT
1253,340123,CONSOLIDATED BANK GHANA,DANSOMAN EXHIBITION
1254,340124,CONSOLIDATED BANK GHANA,RUSSIA ROAD
1255,340125,CONSOLIDATED BANK GHANA,DARKUMAN
1256,340126,CONSOLIDATED BANK GHANA,DOME
1257,340127,CONSOLIDATED BANK GHANA,DZORWULU
1258,340128,CONSOLIDATED BANK GHANA,EAST LEGON
1259,340129,CONSOLIDATED BANK GHANA,GIMPA
1260,340130,CONSOLIDATED BANK GHANA,KANESHIR
1261,340131,CONSOLIDATED BANK GHANA,KASOA MAIN
1262,340132,CONSOLIDATED BANK GHANA,KASOA NEW MARKET
1263,340133,CONSOLIDATED BANK GHANA,KORLE- BU
1264,340134,CONSOLIDATED BANK GHANA,KORLE DUDOR
1265,340135,CONSOLIDATED BANK GHANA,KWABENYA
1266,340136,CONSOLIDATED BANK GHANA,LABONE
1267,340137,CONSOLIDATED BANK GHANA,LAPAZ
1268,340138,CONSOLIDATED BANK GHANA,MADINA MAIN
1269,340139,CONSOLIDATED BANK GHANA,MADINA NEW ROAD
1270,340140,CONSOLIDATED BANK GHANA,MALLAM JUNCTION
1271,340141,CONSOLIDATED BANK GHANA,PIG FARM
1272,340142,CONSOLIDATED BANK GHANA,MAMOBI
1273,340143,CONSOLIDATED BANK GHANA,NIMA MAIN
1274,340144,CONSOLIDATED BANK GHANA,MERIDIAN
1275,340145,CONSOLIDATED BANK GHANA,NORTH INDUSTRIAL AREA
1276,340146,CONSOLIDATED BANK GHANA,CASTLE ROAD
1277,340147,CONSOLIDATED BANK GHANA,OXFORD STREET
1278,340148,CONSOLIDATED BANK GHANA,POKUASE
1279,340149,CONSOLIDATED BANK GHANA,ABBOSSEY-OKAI
1280,340150,CONSOLIDATED BANK GHANA,SHIPPERS HOUSE
1281,340151,CONSOLIDATED BANK GHANA,SAKUMONO
1282,340152,CONSOLIDATED BANK GHANA,SOUTH LEGON
1283,340153,CONSOLIDATED BANK GHANA,EAST AIRPORT
1284,340154,CONSOLIDATED BANK GHANA,BAATSONA
1285,340155,CONSOLIDATED BANK GHANA,OPERA SQUARE
1286,340156,CONSOLIDATED BANK GHANA,TEMA COMM 2
1287,340157,CONSOLIDATED BANK GHANA,TEMA COMM 25
1288,340158,CONSOLIDATED BANK GHANA,TESANO
1289,340159,CONSOLIDATED BANK GHANA,TESHIE
1290,340160,CONSOLIDATED BANK GHANA,TRADE FAIR
1291,340161,CONSOLIDATED BANK GHANA,ABEKA
1292,340162,CONSOLIDATED BANK GHANA,UNIVERSITY OF GHANA
1293,340163,CONSOLIDATED BANK GHANA,WEIJA
1294,340164,CONSOLIDATED BANK GHANA,WISCONSIN
1295,340165,CONSOLIDATED BANK GHANA,ZENU
1296,340166,CONSOLIDATED BANK GHANA,ACCRA
1297,340191,CONSOLIDATED BANK GHANA,GOLDENLINK SAVINGS AND LOANS
1298,340197,CONSOLIDATED BANK GHANA,PROGRESS SAVINGS AND LOANS
1299,340198,CONSOLIDATED BANK GHANA,BEST POINT SAVINGS AND LOANS
1300,340201,CONSOLIDATED BANK GHANA,ABETIFI
1301,340202,CONSOLIDATED BANK GHANA,KOFORIDUA
1302,340203,CONSOLIDATED BANK GHANA,MAMFE
1303,340204,CONSOLIDATED BANK GHANA,NEW ABIREM
1304,340301,CONSOLIDATED BANK GHANA,UNIVERSITY OF CAPE COAST
1305,340302,CONSOLIDATED BANK GHANA,DUNKWAW-ON OFFIN
1306,340303,CONSOLIDATED BANK GHANA,SWEDRU
1307,340304,CONSOLIDATED BANK GHANA,WINNEBA
1308,340401,CONSOLIDATED BANK GHANA,ASAWINSO
1309,340402,CONSOLIDATED BANK GHANA,AXIM ROAD
1310,340403,CONSOLIDATED BANK GHANA,MARKET CIRCLE
1311,340404,CONSOLIDATED BANK GHANA,TARKWA
1312,340501,CONSOLIDATED BANK GHANA,HO
1313,340601,CONSOLIDATED BANK GHANA,ADUM
1314,340602,CONSOLIDATED BANK GHANA,AFFUL NKWANTA
1315,340603,CONSOLIDATED BANK GHANA,AHODWO
1316,340604,CONSOLIDATED BANK GHANA,ALABAR
1317,340605,CONSOLIDATED BANK GHANA,ASAFO
1318,340606,CONSOLIDATED BANK GHANA,MAAKRO
1319,340607,CONSOLIDATED BANK GHANA,ASOKWA
1320,340608,CONSOLIDATED BANK GHANA,ATONSU
1321,340609,CONSOLIDATED BANK GHANA,BANTAMA
1322,340610,CONSOLIDATED BANK GHANA,EJISU
1323,340611,CONSOLIDATED BANK GHANA,HARPER ROAD
1324,340612,CONSOLIDATED BANK GHANA,KEJETIA
1325,340613,CONSOLIDATED BANK GHANA,KNUST
1326,340614,CONSOLIDATED BANK GHANA,NHYIAESO
1327,340615,CONSOLIDATED BANK GHANA,ROMAN HILL
1328,340616,CONSOLIDATED BANK GHANA,SOKOBAN
1329,340617,CONSOLIDATED BANK GHANA,ASHTOWN
1330,340618,CONSOLIDATED BANK GHANA,SUAME
1331,340619,CONSOLIDATED BANK GHANA,TAFO
1332,340620,CONSOLIDATED BANK GHANA,ROMAN HILL MARKET
1333,340621,CONSOLIDATED BANK GHANA,KRONUM
1334,340622,CONSOLIDATED BANK GHANA,ABUAKWA
1335,340701,CONSOLIDATED BANK GHANA,SUNYANI MAIN
1336,340702,CONSOLIDATED BANK GHANA,SUNYANI POST OFFICE
1337,340703,CONSOLIDATED BANK GHANA,TECHIMAN MARKET
1338,340704,CONSOLIDATED BANK GHANA,TECHIMAN WENCHI ROAD
1339,340705,CONSOLIDATED BANK GHANA,TECHIMAN VALLEY VIEW
1340,340801,CONSOLIDATED BANK GHANA,TAMALE MAIN
1341,340802,CONSOLIDATED BANK GHANA,TAMALE ABOABO
1342,340803,CONSOLIDATED BANK GHANA,TAMALE HOSPITAL ROAD
1343,340804,CONSOLIDATED BANK GHANA,BOLE
1344,340901,CONSOLIDATED BANK GHANA,BAWKU
1345,340902,CONSOLIDATED BANK GHANA,BOLGA POLICE STATION ROAD
1346,340903,CONSOLIDATED BANK GHANA,BOLGA COMMERCIAL ROAD
1347,341001,CONSOLIDATED BANK GHANA,WA
1348,360101,OMNI BANK GHANA LTD,HEAD OFFICE
1349,360102,OMNI BANK GHANA LTD,ABOSSEY OKAI
1350,360103,OMNI BANK GHANA LTD,ASHAIMAN
1351,360104,OMNI BANK GHANA LTD,DZORWULU
1352,360105,OMNI BANK GHANA LTD,DOME
1353,360106,OMNI BANK GHANA LTD,NMAI DJORN
1354,360107,OMNI BANK GHANA LTD,TEMA COMM 1
1355,360108,OMNI BANK GHANA LTD,KOKOMLEMLE
1356,360109,OMNI BANK GHANA LTD,MADINA
1357,360110,OMNI BANK GHANA LTD,TUDU
1358,360111,OMNI BANK GHANA LTD,SPINTEX
1359,360112,OMNI BANK GHANA LTD,OSU
1360,360113,OMNI BANK GHANA LTD,WEIJA
1361,360114,OMNI BANK GHANA LTD,EAST LEGON
1362,360115,OMNI BANK GHANA LTD,TEMA COMM 2
1363,360201,OMNI BANK GHANA LTD,KOFORIDUA
1364,360301,OMNI BANK GHANA LTD,KASOA
1365,360401,OMNI BANK GHANA LTD,TAKORADI
1366,360402,OMNI BANK GHANA LTD,TARKWA
1367,360601,OMNI BANK GHANA LTD,MANHYIA
1368,360602,OMNI BANK GHANA LTD,KUMASI CENTRAL MARKET
1369,360603,OMNI BANK GHANA LTD,KEJETIA
1370,360604,OMNI BANK GHANA LTD,ANLOGA
1371,360605,OMNI BANK GHANA LTD,KRONUM
1372,360606,OMNI BANK GHANA LTD,ADUM
1373,390100,GHL BANK,HEAD OFFICE
1374,390100,GHL BANK,
1375,390101,GHL BANK,AIRPORT CITY
1376,390401,GHL BANK,TAKORADI
1377,390601,GHL BANK,KUMASI