"SORT CODE","BANK NAME","BRANCH NAME"
"010101","BANK OF GHANA","BANK OF GHANA ACCRA BRANCH"
"010303","BANK OF GHANA","BANK OF GHANA -AGONA SWEDRU BRANCH"
"010401","BANK OF GHANA","BANK OF GHANA -TAKORADI BRANCH"
"010402","BANK OF GHANA","BANK OF GHANA -SEFWI BOAKO BRANCH"
"010601","BANK OF GHANA","BANK OF GHANA -KUMASI BRANCH"
"010701","BANK OF GHANA","BANK OF GHANA -SUNYANI BRANCH"
"010801","BANK OF GHANA","BANK OF GHANA -TAMALE BRANCH"
"011101","BANK OF GHANA","BANK OF GHANA - HOHOE BRANCH"
"020101","STANDARD CHARTERED BANK","STANDARD CHARTERED BANK(GH) LTD-HIGH STREET BRANCH"
"020102","STANDARD CHARTERED BANK","STANDARD CHARTERED BANK(GH) LTD- INDEPENDENCE AVENUE BRANCH"
"020104","STANDARD CHARTERED BANK","STANDARD CHARTERED BANK(GH) LTD-LIBERIA ROAD BRANCH"
"020105","STANDARD CHARTERED BANK","STANDARD CHARTERED BANK(GH) LTD-OPEIBEA HOUSE BRANCH"
"020106","STANDARD CHARTERED BANK","STANDARD CHARTERED BANK(GH) LTD-TEMA BRANCH"
"020108","STANDARD CHARTERED BANK","STANDARD CHARTERED BANK(GH) LTD-LEGON BRANCH"
"020112","STANDARD CHARTERED BANK","STANDARD CHARTERED BANK(GH) LTD-OSU BRANCH"
"020118","STANDARD CHARTERED BANK","STANDARD CHARTERED BANK(GH) LTD-SPINTEX BRANCH"
"020121","STANDARD CHARTERED BANK","STANDARD CHARTERED BANK(GH) LTD-DANSOMAN BRANCH"
"020126","STANDARD CHARTERED BANK","STANDARD CHARTERED BANK(GH) LTD-ABEKA BRANCH"
"020127","STANDARD CHARTERED BANK","STANDARD CHARTERED BANK(GH)-ACHIMOTA BRANCH"
"020129","STANDARD CHARTERED BANK","STANDARD CHARTERED BANK(GH) LTD- NIA BRANCH"
"020132","STANDARD CHARTERED BANK","STANDARD CHARTERED BANK(GH) LTD- TEMA HABOUR BRANCH"
"020133","STANDARD CHARTERED BANK","STANDARD CHARTERED BANK(GH) LTD- WESTHILLS BRANCH"
"020436","STANDARD CHARTERED BANK","STANDARD CHARTERED BANK(GH) LTD-LIBERIA ROAD TAKORADI BRANCH"
"020611","STANDARD CHARTERED BANK","STANDARD CHARTERED BANK(GH) LTD- KNUST BRANCH"
"020613","STANDARD CHARTERED BANK","STANDARD CHARTERED BANK(GH) LTD-AHODWO BRANCH"
"020615","STANDARD CHARTERED BANK","STANDARD CHARTERED BANK(GH) LTD-HARPER ROAD BRANCH"
"020617","STANDARD CHARTERED BANK","STANDARD CHARTERED BANK(GH) LTD-OBUASI BRANCH"
"020823","STANDARD CHARTERED BANK","STANDARD CHARTERED BANK(GH) LTD-TAMALE BRANCH"
"030101","ABSA (GH) LTD","ABSA (GH) LTD-KASOA BRANCH"
"030104","ABSA (GH) LTD","ABSA(GH) LTD-A AND C MALL BRANCH"
"030105","ABSA (GH) LTD","ABSA (GH) LTD-ACCRA MALL BRANCH"
"030106","ABSA (GH) LTD","ABSA (GH) LTD-ABEKA LAPAZ BRANCH"
"030107","ABSA (GH) LTD","ABSA (GH) LTD-DANSOMAN BRANCH"
"030108","ABSA (GH) LTD","ABSA(GH) LTD-GNPC BRANCH"
"030109","ABSA (GH) LTD","ABSA (GH) LTD-NIMA BRANCH"
"030110","ABSA (GH) LTD","ABSA (GH) LTD-LEGON BRANCH"
"030111","ABSA (GH) LTD","ABSA(GH) LTD-ACHIMOTA BRANCH"
"030112","ABSA (GH) LTD","ABSA (GH) LTD-OSU BRANCH"
"030114","ABSA (GH) LTD","ABSA (GH) LTD-RING ROAD CENTRAL BRANCH"
"030116","ABSA (GH) LTD","ABSA(GH) LTD -BCM BRANCH"
"030117","ABSA (GH) LTD","ABSA (GH) LTD-MOTORWAY EXT BRANCH"
"030121","ABSA (GH) LTD","ABSA(GH) LTD-SPINTEX MAIN BRANCH"
"030122","ABSA (GH) LTD","ABSA (GH) LTD-KNUTSFORD AVENUE BRANCH"
"030125","ABSA (GH) LTD","ABSA (GH) LTD-LEGON MAIN BRANCH"
"030130","ABSA (GH) LTD","ABSA (GH) LTD-TEMA FISHING HARBOUR BRANCH"
"030135","ABSA (GH) LTD","ABSA (GH) LTD-MAKOLA SQUARE BRANCH"
"030136","ABSA (GH) LTD","ABSA (GH) LTD-AIRPORT CITY BRANCH"
"030141","ABSA (GH) LTD","ABSA (GH) LTD-CIRCLE BRANCH"
"030144","ABSA (GH) LTD","ABSA (GH)LTD-ACCRA CORPORATE SERVICE CENTER BRANCH"
"030145","ABSA (GH) LTD","ABSA(GH) LTD-SPINTEX PRESTIGE BRANCH"
"030148","ABSA (GH) LTD","ABSA (GH) LTD-HIGH STREET BRANCH"
"030149","ABSA (GH) LTD","ABSA(GH) LTD-DIRECT SALES BRANCH"
"030154","ABSA (GH) LTD","ABSA (GH) LTD-AVENUE CENTRAL BRANCH"
"030155","ABSA (GH) LTD","ABSA(GH) LTD - UNDP BRANCH"
"030160","ABSA (GH) LTD","ABSA (GH) LTD-TEMA MAIN BRANCH"
"030161","ABSA (GH) LTD","ABSA(GH) LTD - SME CENTRE BRANCH"
"030162","ABSA (GH) LTD","ABSA(GH) LTD - AGBOBLOSHIE BRANCH"
"030163","ABSA (GH) LTD","ABSA(GH) LTD - MADINA BRANCH"
"030164","ABSA (GH) LTD","ABSA (GH) LTD-HEAD OFFICE BRANCH"
"030168","ABSA (GH) LTD","ABSA(GH) LTD - TESHIE NUNGUA BRANCH"
"030169","ABSA (GH) LTD","ABSA(GH) LTD - ACCRA NEWTOWN BRANCH"
"030170","ABSA (GH) LTD","ABSA(GH) LTD - DOME BRANCH"
"030173","ABSA (GH) LTD","ABSA (GH) LTD-DARKUMAN BRANCH"
"030175","ABSA (GH) LTD","ABSA (GH) LTD-INDEPENDENCE AVENUE BRANCH"
"030179","ABSA (GH) LTD","ABSA(GH) LTD - WEIJA BRANCH"
"030184","ABSA (GH) LTD","ABSA (GH) LTD-ASHAIMAN BRANCH"
"030185","ABSA (GH) LTD","ABSA(GH) LTD- HAATSO BRANCH"
"030187","ABSA (GH) LTD","ABSA (GH) LTD-KANESHIE BRANCH"
"030189","ABSA (GH) LTD","ABSA(GH) LTD - TEMA OIL REFINERY BRANCH"
"030190","ABSA (GH) LTD","ABSA (GH) LTD-NORTH KANESHIE BRANCH"
"030191","ABSA (GH) LTD","ABSA (GH) LTD-MAAMOBI BRANCH"
"030192","ABSA (GH) LTD","ABSA(GH) LTD- OFFSHORE BANKING"
"030193","ABSA (GH) LTD","ABSA (GH) LTD-MATAHEKO BRANCH"
"030194","ABSA (GH) LTD","ABSA(GH) LTD -ADENTA BRANCH"
"030195","ABSA (GH) LTD","ABSA(GH) LTD - ABOSSEY OKAI BRANCH"
"030196","ABSA (GH) LTD","ABSA(GH) LTD -KOTOBABI BRANCH"
"030197","ABSA (GH) LTD","ABSA(GH) LTD -PALM WINE JUNCTION BRANCH"
"030242","ABSA (GH) LTD","ABSA (GH) LTD-KOFORIDUA BRANCH"
"030243","ABSA (GH) LTD","ABSA(GH) LTD -NKAWKAW BRANCH"
"030246","ABSA (GH) LTD","ABSA (GH) LTD-ODA BRANCH"
"030247","ABSA (GH) LTD","ABSA (GH) LTD-NSAWAM BRANCH"
"030286","ABSA (GH) LTD","ABSA(GH) LTD - SOMANYA BRANCH"
"030320","ABSA (GH) LTD","ABSA(GH) LTD  - SWEDRU BRANCH"
"030337","ABSA (GH) LTD","ABSA (GH) LTD-CAPE COAST BRANCH"
"030338","ABSA (GH) LTD","ABSA (GH) LTD-OBUASI BRANCH"
"030365","ABSA (GH) LTD","ABSA(GH) LTD - WINNEBA BRANCH"
"030367","ABSA (GH) LTD","ABSA(GH) LTD - MANKESSIM BRANCH"
"030399","ABSA (GH) LTD","ABSA(GH) LTD -TWIFO PRASO BRANCH"
"030431","ABSA (GH) LTD","ABSA (GH) LTD-HIGH STREET-TAKORADI BRANCH"
"030432","ABSA (GH) LTD","ABSA (GH) LTD-LIBERATION ROAD-TAKORADI BRANCH"
"030434","ABSA (GH) LTD","ABSA (GH) LTD-TARKWA BRANCH"
"030451","ABSA (GH) LTD","ABSA (GH) LTD-TARKWA MINES BRANCH"
"030452","ABSA (GH) LTD","ABSA (GH) LTD-ASANKRAGUA BRANCH"
"030456","ABSA (GH) LTD","ABSA(GH) LTD - TAKORADI KOKOMPE BRANCH"
"030498","ABSA (GH) LTD","ABSA(GH) LTD -ELUBO BRANCH"
"030539","ABSA (GH) LTD","ABSA (GH) LTD-HO BRANCH"
"030540","ABSA (GH) LTD","ABSA(GH) LTD -HOHOE BRANCH"
"030572","ABSA (GH) LTD","ABSA(GH) LTD - AFLAO BRANCH"
"030623","ABSA (GH) LTD","ABSA (GH) LTD-ASAFO BRANCH"
"030627","ABSA (GH) LTD","ABSA (GH) LTD-PREMPEH II STREET"
"030628","ABSA (GH) LTD","ABSA (GH) LTD-KEJETIA- KUMASI BRANCH"
"030653","ABSA (GH) LTD","ABSA(GH) LTD -NEW SUAME MAGAZINE BRANCH"
"030657","ABSA (GH) LTD","ABSA(GH) LTD - OLD SUAME MAGAZINE BRANCH"
"030658","ABSA (GH) LTD","ABSA(GH) LTD - AGOGO BRANCH"
"030666","ABSA (GH) LTD","ABSA(GH) LTD - ADUM BRANCH"
"030674","ABSA (GH) LTD","ABSA(GH) LTD - BANTAMA BRANCH"
"030676","ABSA (GH) LTD","ABSA(GH) LTD - SEFWI-WIASO BRANCH"
"030677","ABSA (GH) LTD","ABSA(GH) LTD - KONONGO BRANCH"
"030680","ABSA (GH) LTD","ABSA (GH) LTD-KROFOM BRANCH"
"030681","ABSA (GH) LTD","ABSA (GH) LTD-TANOSO BRANCH"
"030682","ABSA (GH) LTD","ABSA(GH) LTD- TAFO BRANCH"
"030683","ABSA (GH) LTD","ABSA (GH) LTD-AHODWO BRANCH"
"030718","ABSA (GH) LTD","ABSA (GH) LTD-TECHIMAN BRANCH"
"030724","ABSA (GH) LTD","ABSA(GH) LTD - BEREKUM BRANCH"
"030750","ABSA (GH) LTD","ABSA (GH) LTD-SUNYANI BRANCH"
"030759","ABSA (GH) LTD","ABSA(GH) LTD - GOASO BRANCH"
"030778","ABSA (GH) LTD","ABSA(GH) LTD - ATEBUBU BRANCH"
"030833","ABSA (GH) LTD","ABSA (GH) LTD-TAMALE BRANCH"
"030871","ABSA (GH) LTD","ABSA(GH) LTD -GUMANI BRANCH"
"030919","ABSA (GH) LTD","ABSA (GH) LTD-BOLGATANGA BRANCH"
"030926","ABSA (GH) LTD","ABSA (GH) LTD-BAWKU BRANCH"
"031088","ABSA (GH) LTD","ABSA(GH) LTD - WA BRANCH"
"040001","GCB BANK LTD","GCB BANK LTD - WA BRANCH"
"040002","GCB BANK LTD","GCB BANK LTD - TUMU BRANCH"
"040003","GCB BANK LTD","GCB BANK LTD - LAWRA BRANCH"
"040004","GCB BANK LTD","GCB BANK LTD - BOLE BRANCH"
"040101","GCB BANK LTD","GCB BANK LTD-HIGH STREET BRANCH"
"040102","GCB BANK LTD","GCB BANK LTD -BURMA CAMP BRANCH"
"040103","GCB BANK LTD","GCB BANK LTD -LEGON BRANCH"
"040105","GCB BANK LTD","GCB BANK LTD-MINISTRIES BRANCH"
"040106","GCB BANK LTD","GCB BANK LTD - REPUBLIC HOUSE BRANCH"
"040107","GCB BANK LTD","GCB BANK LTD-TEMA MAIN BRANCH"
"040108","GCB BANK LTD","GCB BANK LTD-TEMA MARKET BRANCH"
"040109","GCB BANK LTD","GCB BANK LTD-TEMA INDUSTRIAL AREA BRANCH"
"040110","GCB BANK LTD","GCB BANK LTD-TEMA FISHING HARBOUR BRANCH"
"040111","GCB BANK LTD","GCB BANK LTD - RING ROAD WEST BRANCH"
"040112","GCB BANK LTD","GCB BANK LTD-KANESHIE MARKET BRANCH"
"040113","GCB BANK LTD","GCB BANK LTD-KORLEBU BRANCH"
"040114","GCB BANK LTD","GCB BANK LTD-OSU BRANCH"
"040115","GCB BANK LTD","GCB BANK LTD-DERBY AVENUE BRANCH"
"040116","GCB BANK LTD","GCB BANK LTD -BOUNDARY ROAD BRANCH"
"040117","GCB BANK LTD","GCB BANK LTD-LIBERTY HOUSE BRANCH"
"040118","GCB BANK LTD","GCB BANK LTD-ACCRA NEW TOWN BRANCH"
"040119","GCB BANK LTD","GCB BANK LTD-TRADE FAIR SITE BRANCH"
"040120","GCB BANK LTD","GCB BANK LTD-KANESHIE INDUSTRIAL AREA BRANCH"
"040121","GCB BANK LTD","GCB BANK LTD-ASHAIMAN BRANCH"
"040123","GCB BANK LTD","GCB BANK LTD-MADINA BRANCH"
"040124","GCB BANK LTD","GCB BANK LTD - 31ST DECEMBER MARKET BRANCH"
"040126","GCB BANK LTD","GCB BANK LTD -TETTEH QUARSHIE CIRCLE BRANCH"
"040127","GCB BANK LTD","GCB BANK LTD -KWAME NKRUMAH CIRCLE BRANCH"
"040128","GCB BANK LTD","GCB LTD-INTERNATIONAL TRADE FINANCE BRANCH"
"040129","GCB BANK LTD","GCB BANK LTD-GLOBAL TRANSFER SERVICES BRANCH"
"040130","GCB BANK LTD","GCB BANK LTD-TANTRA HILL BRANCH"
"040131","GCB BANK LTD","GCB BANK LTD - KASOA BRANCH"
"040132","GCB BANK LTD","GCB BANK LTD -DOME (KWABENYA) BRANCH"
"040133","GCB BANK LTD","GCB BANK LTD - ABLENKPE BRANCH"
"040134","GCB BANK LTD","GCB BANK LTD - KASOA MAIN BRANCH"
"040135","GCB BANK LTD","GCB BANK LTD-SAFEBOUND (JUBILEE) TEMA BRANCH"
"040136","GCB BANK LTD","GCB BANK LTD - KISSEIMAN BRANCH"
"040138","GCB BANK LTD","GCB BANK LTD - SPINTEX ROAD BRANCH"
"040139","GCB BANK LTD","GCB BANK LTD-ACCRA NORTH CIRCLE BRANCH"
"040146","GCB BANK LTD","GCB BANK LTD - DANSOMAN BRANCH"
"040147","GCB BANK LTD","GCB BANK LTD - ADENTA MARKET BRANCH"
"040148","GCB BANK LTD","GCB BANK LTD - NIMA BRANCH"
"040149","GCB BANK LTD","GCB BANK LTD - NUNGUA BRANCH"
"040150","GCB BANK LTD","GCB BANK LTD - ABEKA LAPAZ BRANCH"
"040162","GCB BANK LTD","GCB BANK LTD - HAATSO BRANCH"
"040163","GCB BANK LTD","GCB BANK LTD - AMASAMAN BRANCH"
"040164","GCB BANK LTD","GCB BANK LTD - ADJIRIGANO BRANCH"
"040165","GCB BANK LTD","GCB BANK LTD - WEIJA BRANCH"
"040166","GCB BANK LTD","GCB BANK LTD - KATAMANTO BRANCH"
"040167","GCB BANK LTD","GCB BANK LTD - ADABRAKA BRANCH"
"040168","GCB BANK LTD","GCB BANK LTD - AIRPORT CITY BRANCH"
"040169","GCB BANK LTD","GCB BANK LTD - EAST LEGON BRANCH"
"040170","GCB BANK LTD","GCB BANK LTD - TEMA COMMUNITY 2 BRANCH"
"040171","GCB BANK LTD","GCB BANK LTD - GCB BANK LTD - OKAISHIE BRANCH"
"040172","GCB BANK LTD","GCB BANK LTD - CENTRAL UNIVERSITY COLLEGE BRANCH"
"040173","GCB BANK LTD","GCB BANK LTD - LABONE BRANCH"
"040174","GCB BANK LTD","GCB BANK LTD - ACHIMOTA BRANCH"
"040175","GCB BANK LTD","GCB BANK LTD - A&C MALL BRANCH"
"040176","GCB BANK LTD","GCB BANK LTD - TESANO BRANCH"
"040177","GCB BANK LTD","GCB BANK LTD - ABOSSEY OKAI BRANCH"
"040178","GCB BANK LTD","GCB BANK LTD - MANDELA PARK BRANCH"
"040179","GCB BANK LTD","GCB BANK LTD - OSU OXFORD STREET BRANCH"
"040180","GCB BANK LTD","GCB BANK LTD - MARTEY TSURU BRANCH"
"040181","GCB BANK LTD","GCB BANK LTD - TEMA COMMUNITY 1 BRANCH"
"040182","GCB BANK LTD","GCB BANK LTD - MADINA ZONGO JUNCTION BRANCH"
"040183","GCB BANK LTD","GCB BANK LTD - DZORWULU BRANCH BRANCH"
"040184","GCB BANK LTD","GCB BANK LTD -AIRPORT TERMINAL 3 BRANCH"
"040199","GCB BANK LTD","GCB BANK LTD-HEAD OFFICE BRANCH"
"040201","GCB BANK LTD","GCB BANK LTD - KOFORIDUA BRANCH"
"040202","GCB BANK LTD","GCB BANK LTD - AKIM ODA BRANCH"
"040203","GCB BANK LTD","GCB BANK LTD -KADE BRANCH"
"040205","GCB BANK LTD","GCB BANK  LTD - NEW TAFO BRANCH"
"040206","GCB BANK LTD","GCB BANK LTD- NKAWKAW BRANCH"
"040207","GCB BANK LTD","GCB BANK LTD -  SOMANYA BRANCH"
"040208","GCB BANK LTD","GCB BANK LTD - ASAMANKESE BRANCH"
"040209","GCB BANK LTD","GCB BANK LTD - AKROPONG AKWAPIM BRANCH"
"040210","GCB BANK LTD","GCB BANK  LTD - MAMPONG AKWAPIM BRANCH"
"040212","GCB BANK LTD","GCB BANK LTD - ANYIMAN BRANCH"
"040213","GCB BANK LTD","GCB BANK LTD - ADA FOAH BRANCH"
"040214","GCB BANK LTD","GCB BANK LTD - SUHUM BRANCH"
"040216","GCB BANK LTD","GCB BANK LTD - NSAWAM BRANCH"
"040217","GCB BANK LTD","GCB BANK LTD - KIBI BRANCH"
"040218","GCB BANK LTD","GCB BANK LTD - AKOSOMBO BRANCH"
"040219","GCB BANK LTD","GCB BANK LTD - MPRAESO BRANCH"
"040220","GCB BANK LTD","GCB BANK LTD - AKUSE BRANCH"
"040221","GCB BANK LTD","GCB BANK LTD - DONKORKROM BRANCH"
"040222","GCB BANK LTD","GCB BANK LTD - ABURI BRANCH"
"040224","GCB BANK LTD","GCB BANK LTD - KOFORIDUA CENTRAL GCB BANK LTD BRANCH"
"040301","GCB BANK LTD","GCB BANK LTD-CAPE COAST MAIN BRANCH"
"040302","GCB BANK LTD","GCB BANK LTD-UNIVERSITY OF CAPE COAST BRANCH"
"040303","GCB BANK LTD","GCB BANK LTD - AGONA SWEDRU BRANCH"
"040304","GCB BANK LTD","GCB BANK LTD - ASSIN FOSU BRANCH"
"040305","GCB BANK LTD","GCB BANK LTD-WINNEBA BRANCH"
"040306","GCB BANK LTD","GCB BANK LTD - BREMAN ASIKUMA BRANCH"
"040307","GCB BANK LTD","GCB BANK LTD - ABURA DUNKWA BRANCH"
"040308","GCB BANK LTD","GCB BANK LTD - SALTPOND BRANCH"
"040309","GCB BANK LTD","GCB BANK LTD - MANKESSIM BRANCH"
"040310","GCB BANK LTD","GCB BANK LTD - TWIFO PRASO BRANCH"
"040315","GCB BANK LTD","GCB BANK LTD - ELMINA BRANCH"
"040317","GCB BANK LTD","GCB BANK LTD - CORONATION JUNCTION BRANCH"
"040401","GCB BANK LTD","GCB BANK LTD-TAKORADI MAIN BRANCH"
"040402","GCB BANK LTD","GCB BANK LTD-TAKORADI HARBOUR BRANCH"
"040403","GCB BANK LTD","GCB BANK LTD-TAKORADI MARKET CIRCLE BRANCH"
"040404","GCB BANK LTD","GCB BANK LTD-SEKONDI BRANCH"
"040405","GCB BANK LTD","GCB BANK LTD-TARKWA BRANCH"
"040406","GCB BANK LTD","GCB BANK LTD-SAMREBOI BRANCH"
"040407","GCB BANK LTD","GCB BANK LTD - ENCHI BRANCH"
"040408","GCB BANK LTD","GCB BANK LTD - AXIM BRANCH"
"040409","GCB BANK LTD","GCB BANK LTD - HALFASSINI BRANCH"
"040410","GCB BANK LTD","GCB BANK LTD - DUNKWA-ON-OFFIN BRANCH"
"040412","GCB BANK LTD","GCB BANK LTD - SEFWI WIAWSO"
"040413","GCB BANK LTD","GCB BANK LTD - DADIESO BRANCH"
"040414","GCB BANK LTD","GCB BANK LTD - BOGOSO BRANCH"
"040415","GCB BANK LTD","GCB BANK LTD-ELUBO BRANCH"
"040471","GCB BANK LTD","GCB BANK LTD - PRESTEA BRANCH"
"040501","GCB BANK LTD","GCB BANK LTD -HO BRANCH"
"040502","GCB BANK LTD","GCB BANK LTD - AFLAO BRANCH"
"040503","GCB BANK LTD","GCB BANK LTD -DZODZE BRANCH"
"040504","GCB BANK LTD","GCB BANK LTD -JASIKAN BRANCH"
"040506","GCB BANK LTD","GCB BANK LTD - KADJEBI BRANCH"
"040507","GCB BANK LTD","GCB BANK LTD - KETA BRANCH"
"040508","GCB BANK LTD","GCB BANK LTD - KETEKRACHI BRANCH"
"040509","GCB BANK LTD","GCB BANK LTD - KPANDO BRANCH"
"040511","GCB BANK LTD","GCB BANK LTD - HOHOE BRANCH"
"040512","GCB BANK LTD","GCB BANK LTD - SOGAKOPE BRANCH"
"040514","GCB BANK LTD","GCB BANK LTD - PEKI BRANCH"
"040515","GCB BANK LTD","GCB BANK LTD - ABOR BRANCH"
"040517","GCB BANK LTD","GCB BANK LTD - AKATSI BRANCH"
"040523","GCB BANK LTD","GCB BANK LTD - NKWANTA BRANCH"
"040526","GCB BANK LTD","GCB BANK LTD - HO MARKET BRANCH"
"040527","GCB BANK LTD","GCB BANK LTD - DAMBAI BRANCH"
"040530","GCB BANK LTD","GCB BANK LTD - HO POLYTECHNIC BRANCH"
"040555","GCB BANK LTD","GCB BANK LTD - CENTRAL PROCESSING CENTRE"
"040601","GCB BANK LTD","GCB BANK LTD-KUMASI MAIN BRANCH"
"040602","GCB BANK LTD","GCB BANK LTD-ASAFO MARKET BRANCH"
"040603","GCB BANK LTD","GCB BANK LTD - KNUST KUMASI BRANCH"
"040604","GCB BANK LTD","GCB BANK LTD - KEJETIA BRANCH"
"040605","GCB BANK LTD","GCB BANK LTD - KONONGO BRANCH"
"040607","GCB BANK LTD","GCB BANK LTD - MAMPONG ASHANTI BRANCH"
"040609","GCB BANK LTD","GCB BANK LTD - BEKWAI BRANCH"
"040610","GCB BANK LTD","GCB BANK LTD - EFFIDUASE ASHANTI BRANCH"
"040611","GCB BANK LTD","GCB BANK LTD - OBUASI BRANCH"
"040612","GCB BANK LTD","GCB  BANK LTD -EJISU BRANCH"
"040613","GCB BANK LTD","GCB BANK LTD - NEW OFFINSO"
"040614","GCB BANK LTD","GCB BANK LTD - EJURA BRANCH"
"040615","GCB BANK LTD","GCB BANK LTD -TEPA BRANCH"
"040616","GCB BANK LTD","GCB  BANK LTD - AKUMADAN BRANCH"
"040617","GCB BANK LTD","GCB  BANK LTD - JUASO BRANCH"
"040618","GCB BANK LTD","GCB BANK LTD - NEW EDUBIASE BRANCH"
"040619","GCB BANK LTD","GCB BANK LTD - AHINSAN KUMASI BRANCH"
"040620","GCB BANK LTD","GCB BANK LTD - AGONA ASHANTI BRANCH"
"040621","GCB BANK LTD","GCB BANK LTD -JUBILEE HOUSE BRANCH"
"040622","GCB BANK LTD","GCB BANK LTD - AGOGO BRANCH"
"040623","GCB BANK LTD","GCB BANK LTD - NKAWIE BRANCH"
"040625","GCB BANK LTD","GCB LTD - HARPER ROAD KUMASI BRANCH"
"040627","GCB BANK LTD","GCB BANK LTD - BANTAMA BRANCH"
"040628","GCB BANK LTD","GCB BANK LTD -TECH JUNCTION KUMASI BRANCH"
"040629","GCB BANK LTD","GCB BANK LTD - MAGAZINE BRANCH"
"040630","GCB BANK LTD","GCB BANK LTD - SUAME BRANCH"
"040631","GCB BANK LTD","GCB BANK LTD - SOFOLINE BRANCH"
"040701","GCB BANK LTD","GCB BANK LTD - SUNYANI BRANCH"
"040702","GCB BANK LTD","GCB BANK LTD - BECHEM BRANCH"
"040703","GCB BANK LTD","GCB BANK LTD - BEREKUM BRANCH"
"040704","GCB BANK LTD","GCB BANK LTD - DORMAA AHENKRO BRANCH"
"040705","GCB BANK LTD","GCB BANK LTD - DUAYAWNKWANTA BRANCH"
"040706","GCB BANK LTD","GCB BANK LTD - HWIDIEM BRANCH"
"040707","GCB BANK LTD","GCB  BANK LTD - GOASO BRANCH"
"040709","GCB BANK LTD","GCB BANK LTD - MIM BRANCH"
"040710","GCB BANK LTD","GCB BANK LTD - JAPEKROM BRANCH"
"040711","GCB BANK LTD","GCB BANK LTD - WENCHI BRANCH"
"040712","GCB BANK LTD","GCB BANK LTD - KINTAMPO BRANCH"
"040713","GCB BANK LTD","GCB BANK LTD - NKORANZA BRANCH"
"040715","GCB BANK LTD","GCB BANK LTD -TECHIMAN BRANCH"
"040717","GCB BANK LTD","GCB BANK LTD - SANKORE BRANCH"
"040723","GCB BANK LTD","GCB BANK LTD -SAMPA BRANCH"
"040724","GCB BANK LTD","GCB BANK LTD -TECHIMAN MARKET BRANCH"
"040725","GCB BANK LTD","GCB BANK LTD - SUNYANI MARKET BRANCH"
"040801","GCB BANK LTD","GCB BANK LTD -TAMALE MAIN BRANCH"
"040802","GCB BANK LTD","GCB BANK LTD -YENDI BRANCH"
"040803","GCB BANK LTD","GCB BANK LTD - DAMONGO BRANCH"
"040804","GCB BANK LTD","GCB BANK LTD - SALAGA BRANCH"
"040805","GCB BANK LTD","GCB BANK LTD -TAMALE MARKET BRANCH"
"040806","GCB BANK LTD","GCB BANK LTD - BIMBILA BRANCH"
"040807","GCB BANK LTD","GCB BANK LTD - YEJI BRANCH"
"040809","GCB BANK LTD","GCB BANK LTD -TAMALE HOSPITAL ROAD BRANCH"
"040810","GCB BANK LTD","GCB BANK LTD - SABOBA BRANCH"
"040812","GCB BANK LTD","GCB BANK LTD - ABOABO BRANCH"
"040901","GCB BANK LTD","GCB BANK LTD - BOLGATANGA  BRANCH"
"040902","GCB BANK LTD","GCB BANK LTD - NAVRONGO BRANCH"
"040903","GCB BANK LTD","GCB BANK LTD -BAWKU BRANCH"
"040906","GCB BANK LTD","GCB BANK LTD - WALEWALE BRANCH"
"050100","NATIONAL INVESTMENT BANK","NATIONAL INVESTMENT BANK"
"050101","NATIONAL INVESTMENT BANK","NATIONAL INVESTMENT BANK-ACCRA MAIN BRANCH"
"050109","NATIONAL INVESTMENT BANK","NATIONAL INVESTMENT BANK-TEMA MAIN BRANCH"
"050111","NATIONAL INVESTMENT BANK","NATIONAL INVESTMENT BANK-OSU BRANCH"
"050112","NATIONAL INVESTMENT BANK","NATIONAL INVESTMENT BANK-FOREIGN BRANCH"
"050113","NATIONAL INVESTMENT BANK","NATIONAL INVESTMENT BANK-TEMA HABOUR AREA(AFKO) BRANCH"
"050117","NATIONAL INVESTMENT BANK","NATIONAL INVESTMENT BANK-ABEKA BRANCH"
"050122","NATIONAL INVESTMENT BANK","NATIONAL INVESTMENT BANK-ADENTA BRANCH"
"050123","NATIONAL INVESTMENT BANK","NATIONAL INVESTMENT BANK-SPINTEX BRANCH"
"050124","NATIONAL INVESTMENT BANK","NATIONAL INVESTMENT BANK-WINNEBA ROAD BRANCH"
"050128","NATIONAL INVESTMENT BANK","NATIONAL INVESTMENT BANK-NORTH INDUSTRIAL AREA BRANCH"
"050129","NATIONAL INVESTMENT BANK","NATIONAL INVESTMENT BANK-TEMA COMMUNITY 9 BRANCH"
"050131","NATIONAL INVESTMENT BANK","NATIONAL INVESTMENT BANK-HEAD OFFICE BRANCH"
"050132","NATIONAL INVESTMENT BANK","NATIONAL INVESTMENT BANK-DANSOMAN BRANCH"
"050134","NATIONAL INVESTMENT BANK","NATIONAL INVESTMENT BANK - ASHAIMAN BRANCH"
"050135","NATIONAL INVESTMENT BANK","NATIONAL INVESTMENT BANK- AIRPORT CITY BRANCH"
"050136","NATIONAL INVESTMENT BANK","NATIONAL INVESTMENT BANK-EAST LEGON BRANCH"
"050138","NATIONAL INVESTMENT BANK","NATIONAL INVESTMENT BANK- LAW COURT COMPLEX BRANCH"
"050139","NATIONAL INVESTMENT BANK","NATIONAL INVESTMENT BANK - PARLIAMENT HOUSE BRANCH"
"050146","NATIONAL INVESTMENT BANK","NATIONAL INVESTMENT BANK - MADINA BRANCH"
"050147","NATIONAL INVESTMENT BANK","NATIONAL INVESTMENT BANK-MAKOLA  BRANCH"
"050149","NATIONAL INVESTMENT BANK","NATIONAL INVESTMENT BANK-ACCRA NEW TOWN BRANCH"
"050152","NATIONAL INVESTMENT BANK","NATIONAL INVESTMENT BANK-ACHIMOTA BRANCH"
"050204","NATIONAL INVESTMENT BANK","NATIONAL INVESTMENT BANK-KOFORIDUA BRANCH"
"050218","NATIONAL INVESTMENT BANK","NATIONAL INVESTMENT BANK-AKIM ODA BRANCH"
"050310","NATIONAL INVESTMENT BANK","NATIONAL INVESTMENT BANK-CAPE COAST BRANCH"
"050327","NATIONAL INVESTMENT BANK","NATIONAL INVESTMENT BANK-DUNKWA ON-OFFIN BRANCH"
"050337","NATIONAL INVESTMENT BANK","NATIONAL INVESTMENT BANK-SWEDRU BRANCH"
"050351","NATIONAL INVESTMENT BANK","NATIONAL INVESTMENT BANK-KASOA BRANCH"
"050407","NATIONAL INVESTMENT BANK","NATIONAL INVESTMENT BANK-TAKORADI BRANCH"
"050434","NATIONAL INVESTMENT BANK","NATIONAL INVESTMENT BANK - TARKWA BRANCH"
"050503","NATIONAL INVESTMENT BANK","NATIONAL INVESTMENT BANK-HO BRANCH"
"050535","NATIONAL INVESTMENT BANK","NATIONAL INVESTMENT BANK - HOHOE BRANCH"
"050541","NATIONAL INVESTMENT BANK","NATIONAL INVESTMENT BANK - NKWANTA BRANCH"
"050605","NATIONAL INVESTMENT BANK","NATIONAL INVESTMENT BANK-KUMASI BRANCH"
"050619","NATIONAL INVESTMENT BANK","NATIONAL INVESTMENT BANK-KUMASI CENTRAL BRANCH"
"050621","NATIONAL INVESTMENT BANK","NATIONAL INVESTMENT BANK-OBUASI BRANCH"
"050632","NATIONAL INVESTMENT BANK","NATIONAL INVESTMENT BANK - ASOKWA BRANCH"
"050643","NATIONAL INVESTMENT BANK","NATIONAL INVESTMENT BANK - ASHANTI MAMPONG BRANCH"
"050645","NATIONAL INVESTMENT BANK","NATIONAL INVESTMENT BANK - SUAME BRANCH"
"050648","NATIONAL INVESTMENT BANK","NATIONAL INVESTMENT BANK - KUMASI CITY MALL BRANCH"
"050650","NATIONAL INVESTMENT BANK","NATIONAL INVESTMENT BANK-TANOSO BRANCH"
"050706","NATIONAL INVESTMENT BANK","NATIONAL INVESTMENT BANK-SUNYANI BRANCH"
"050715","NATIONAL INVESTMENT BANK","NATIONAL INVESTMENT BANK-TECHIMAN BRANCH"
"050725","NATIONAL INVESTMENT BANK","NATIONAL INVESTMENT BANK-WENCHI BRANCH"
"050726","NATIONAL INVESTMENT BANK","NATIONAL INVESTMENT BANK-KINTAMPO BRANCH"
"050808","NATIONAL INVESTMENT BANK","NATIONAL INVESTMENT BANK-TAMALE BRANCH"
"050840","NATIONAL INVESTMENT BANK","NATIONAL INVESTMENT BANK - SAWLA BRANCH"
"050842","NATIONAL INVESTMENT BANK","NATIONAL INVESTMENT BANK - UDS TAMALE BRANCH"
"050844","NATIONAL INVESTMENT BANK","NATIONAL INVESTMENT BANK - YENDI BRANCH"
"050902","NATIONAL INVESTMENT BANK","NATIONAL INVESTMENT BANK-BOLGATANGA BRANCH"
"051014","NATIONAL INVESTMENT BANK","NATIONAL INVESTMENT BANK-WA BRANCH"
"060101","UNITED BANK FOR AFRICA (GH) LTD","UNITED BANK FOR AFRICA(GH) LTD-HEAD OFFICE-RIDGE BRANCH"
"060102","UNITED BANK FOR AFRICA (GH) LTD","UNITED BANK FOR AFRICA(GH) LTD-ACCRA CENTRAL BRANCH"
"060103","UNITED BANK FOR AFRICA (GH) LTD","UNITED BANK FOR AFRICA(GH) LTD-TEMA BRANCH"
"060106","UNITED BANK FOR AFRICA (GH) LTD","UNITED BANK FOR AFRICA(GH) LTD-ABOSSEY OKAI BRANCH"
"060107","UNITED BANK FOR AFRICA (GH) LTD","UNITED BANK FOR AFRICA(GH) LTD-RING ROAD BRANCH"
"060108","UNITED BANK FOR AFRICA (GH) LTD","UNITED BANK FOR AFRICA(GH) LTD-DZORWULU 1 MOTORWAY BRANCH"
"060109","UNITED BANK FOR AFRICA (GH) LTD","UNITED BANK FOR AFRICA(GH) LTD-DZORWULU 2 BRANCH"
"060110","UNITED BANK FOR AFRICA (GH) LTD","UNITED BANK FOR AFRICA(GH) LTD-MADINA BRANCH"
"060111","UNITED BANK FOR AFRICA (GH) LTD","UNITED BANK FOR AFRICA(GH) LTD-EAST LEGON 1 BRANCH"
"060112","UNITED BANK FOR AFRICA (GH) LTD","UNITED BANK FOR AFRICA(GH) LTD-EAST LEGON 2 BRANCH"
"060113","UNITED BANK FOR AFRICA (GH) LTD","UNITED BANK FOR AFRICA(GH) LTD-TESHIE BRANCH"
"060114","UNITED BANK FOR AFRICA (GH) LTD","UNITED BANK FOR AFRICA(GH) LTD-SPINTEX ROAD BRANCH"
"060119","UNITED BANK FOR AFRICA (GH) LTD","UNITED BANK FOR AFRICA(GH) LTD-TEMA INDUSTRIA AREA BRANCH"
"060129","UNITED BANK FOR AFRICA (GH) LTD","UNITED BANK FOR AFRICA(GH) LTD-ACHIMOTA BRANCH"
"060402","UNITED BANK FOR AFRICA (GH) LTD","UNITED BANK FOR AFRICA(GH) LTD-TAKORADI BRANCH"
"060403","UNITED BANK FOR AFRICA (GH) LTD","UNITED BANK FOR AFRICA(GH) LTD - TARKWA BRANCH"
"060405","UNITED BANK FOR AFRICA (GH) LTD","UNITED BANK FOR AFRICA(GH) LTD-TAKORADI BRANCH"
"060601","UNITED BANK FOR AFRICA (GH) LTD","UNITED BANK FOR AFRICA(GH) LTD-KUMASI-ADUM BRANCH"
"060602","UNITED BANK FOR AFRICA (GH) LTD","UNITED BANK FOR AFRICA(GH) LTD-SUAME BRANCH"
"060603","UNITED BANK FOR AFRICA (GH) LTD","UNITED BANK FOR AFRICA(GH) LTD-KNUST BRANCH"
"060605","UNITED BANK FOR AFRICA (GH) LTD","UNITED BANK FOR AFRICA(GH) LTD-TANOSO BRANCH"
"060606","UNITED BANK FOR AFRICA (GH) LTD","UNITED BANK FOR AFRICA(GH) LTD-ALABAR BRANCH"
"060801","UNITED BANK FOR AFRICA (GH) LTD","UNITED BANK FOR AFRICA(GH) LTD-TAMALE BRANCH"
"070101","APEX BANK","APEX BANK - HEAD OFFICE-SOUTH RIDGE ACCRA"
"070102","APEX BANK","APEX BANK - ACCRA CENTRE-ACCRA"
"070103","APEX BANK","APEX BANK - NYAKROM RURAL BANK LTD-NYAKROM"
"070104","APEX BANK","APEX BANK - MANYA KROBO RURAL BANK LTD-ODUMASE-KROBO"
"070106","APEX BANK","APEX BANK - ANUM RURAL BANK LTD-ANUM"
"070107","APEX BANK","APEX BANK - AKUAPEM RURAL BANK LTD-MAMFE"
"070108","APEX BANK","APEX BANK - DANGBE RURAL BANK LTD-PRAMPRAM"
"070109","APEX BANK","APEX BANK - SHAI RURAL BANK LTD-DODOWA"
"070110","APEX BANK","APEX BANK - ADA RURAL BANK LTD-KASSEH"
"070111","APEX BANK","APEX BANK - BRAKWA BRAMAN RURAL BANK LTD-BRAKWA"
"070114","APEX BANK","APEX BANK - AGONA RURAL BANK LTD-KWANYAKU"
"070115","APEX BANK","APEX BANK - AKYEPIM RURAL BANK LTD-GOMOA-DAW"
"070116","APEX BANK","APEX BANK - AWUTU EMASA RURAL BANK LTD-AWUMASA"
"070117","APEX BANK","APEX BANK - GA RURAL BANK LTD-AMASAMAN"
"070118","APEX BANK","APEX BANK - ABOKOBI RURAL BANK LTD-ABOKOBI"
"070119","APEX BANK","APEX BANK - BAWJIASE AREA RURAL BANK LTD-AWUTU BAWJIASE"
"070120","APEX BANK","APEX BANK - AGAVE RURAL BANK LTD-DABALE"
"070121","APEX BANK","APEX BANK - MEPE AREA RURAL BANK LTD-MEPE"
"070122","APEX BANK","APEX BANK - UNION RURAL BANK LTD-SENYA BREKU"
"070123","APEX BANK","APEX BANK - ANLO RURAL BANK LTD-ANLOGA"
"070124","APEX BANK","APEX BANK - ODUPONGKPEHE RURAL BANK LTD-KASOA"
"070125","APEX BANK","APEX BANK - LA COMMUNITY BANK LTD-LA"
"070126","APEX BANK","APEX LINK CENTRE - CEDI HOUSECED HOUSE"
"070127","APEX BANK","APEX BANK - ASUOGYAMAN RURAL BANK LTD-ACCRA"
"070128","APEX BANK","APEX BANK - CITIZEN RURAL BANK LTD-ACCRA"
"070129","APEX BANK","APEX BANK - OYIBI AREA RURAL BANK LIMITED"
"070130","APEX BANK","APEX BANK - MICROFIN RURAL BANK LIMITED"
"070131","APEX BANK","APEX BANK - GOMOA COMMUNITY BANK"
"070201","APEX BANK","APEX BANK KOFORIDUA CENTRE-KOFORIDUA"
"070203","APEX BANK","APEX BANK - KWAHU RURAL BANK LTD-KWAHU PEPEASE"
"070204","APEX BANK","APEX BANK - SOUTH BIRIM RURAL BANK LTD-ACHIASE"
"070205","APEX BANK","APEX BANK - UPPER MANYA KRO RURAL BANK LTD-ASESEWA"
"070206","APEX BANK","APEX BANK - KWAHU PRASO RURAL BANK LTD-KWAHU PRASO"
"070207","APEX BANK","APEX BANK - ATIWA RURAL BANK LTD-KWABENG"
"070208","APEX BANK","APEX BANK - MUMUADA RURAL BANK LTD-OSINO"
"070209","APEX BANK","APEX BANK - AFRAM RURAL BANK LTD-TEASE"
"070210","APEX BANK","APEX BANK - AKIM BOSOME RURAL BANK LTD-AKIM SWEDRU"
"070211","APEX BANK","APEX BANK - MPONUA RURAL BANK LTD-AMUANA PRASO"
"070212","APEX BANK","APEX BANK - KWAEBIBIREM RURAL BANK LTD-ASUOM"
"070213","APEX BANK","APEX BANK - AKYEM MANSA RURAL BANK LTD-AYIREBI"
"070214","APEX BANK","APEX BANK - SOUTH AKIM RURAL BANK LTD-NANKESE"
"070215","APEX BANK","APEX BANK - ODWEN-ANOMA RURAL BANK LTD-KWEEHWEE"
"070216","APEX BANK","APEX BANK - DUMPONG RURAL BANK LTD-OFRAMASE"
"070217","APEX BANK","APEX BANK - ADONTEN COMMUNITY BANK LTD-NEW TAFO"
"070219","APEX BANK","APEX BANK - SUHUM RURAL BANK"
"070302","APEX BANK","APEX BANK - ENYAN DENKYIRA RURAL BANK LTD-ENYAN DENKYIRA"
"070303","APEX BANK","APEX BANK - KAKUM RURAL BANK LTD-ELMINA"
"070304","APEX BANK","APEX BANK - NYANKUMASE AHENKRO RURAL BANK LTD-FANTI NYANKUMASE"
"070305","APEX BANK","APEX BANK - ASSINMAN RURAL BANK LTD-ASSIN MANSO"
"070306","APEX BANK","APEX BANK - AKATAKYIMAN RURAL BANK LTD-KOMENDA"
"070307","APEX BANK","APEX BANK - EKUMFIMAN RURAL BANK LTD-ESSUEHYIA"
"070308","APEX BANK","APEX BANK - AKOTI RURAL BANK LTD-ASSIN AKROPONG"
"070309","APEX BANK","APEX BANK - TWIFO RURAL BANK LTD-TWIFO AGONA"
"070310","APEX BANK","APEX BANK - MFANTSIMAN COMMUNITY RURAL BANK LTD-BIRIWA"
"070401","APEX BANK","APEX BANK-TAKORADI CENTRE-TAKORADI"
"070402","APEX BANK","APEX BANK - ANKOBRA WEST (ESIAMA) RURAL BANK LTD-ESIAMA"
"070403","APEX BANK","APEX BANK - AMENFIMAN RURAL BANK LTD-WASSA AKROPONG"
"070404","APEX BANK","APEX BANK - NZEMA MANLE RURAL BANK LTD-AWIEBO"
"070405","APEX BANK","APEX BANK - JAPEX BANK - OMORO RURAL BANK LTD-TIKOBO NO. 1"
"070406","APEX BANK","APEX BANK - LOWER PRA RURAL BANK LTD-SHAMA"
"070407","APEX BANK","APEX BANK - FIASEMAN (BOGOSO AREA) RURAL BANK LTD-BOGOSO"
"070409","APEX BANK","APEX BANK - AHANTAMAN RURAL BANK LTD-AGONA NKWANTA"
"070502","APEX BANK","APEX BANK - NORTH TONGU RURAL BANK LTD-ADIDOME"
"070503","APEX BANK","APEX BANK - AVENOR RURAL BANK LTD-AKATSI"
"070504","APEX BANK","APEX BANK - UNITY RURAL BANK LTD-ZIOPE"
"070505","APEX BANK","APEX BANK - WETO RURAL BANK LTD-KPEVE"
"070506","APEX BANK","APEX BANK - BUTAWU RURAL BANK LTD-HO"
"070601","APEX BANK","APEX BANK- KUMASIKUMASI"
"070602","APEX BANK","APEX BANK - ATWIMA RURAL BANK LTD-FOASE"
"070603","APEX BANK","APEX BANK - SEKYEDUMASI RURAL BANK LTD-SEKYEDUMASI"
"070604","APEX BANK","APEX BANK - ASOKORE RURAL BANK LTD-ASOKRE"
"070605","APEX BANK","APEX BANK - ASANTE AKYEM RURAL BANK LTD-JUANSA"
"070606","APEX BANK","APEX BANK - KWAMANMAN RURAL BANK LTD-KWAMANG"
"070607","APEX BANK","APEX BANK - ADANSI RURAL BANK LTD-FOMENA"
"070608","APEX BANK","APEX BANK - KUMAWUMAN RURAL BANK LTD-KUMAWU"
"070609","APEX BANK","APEX BANK - AKROFUOM AREA RURAL BANK LTD-AKROFUOM"
"070610","APEX BANK","APEX BANK - AHAFO ANO PREMIER RURAL BANK LTD-WIOSO"
"070611","APEX BANK","APEX BANK - BOSOMTWI RURAL BANK LTD-KUNTANASE"
"070612","APEX BANK","APEX BANK - OKOMFO ANOKYE RURAL BANK LTD-WIAMOASE"
"070613","APEX BANK","APEX BANK - DENKYIRAMAN RURAL BANK LTD-AYAMFURI"
"070614","APEX BANK","APEX BANK - ASAWINSO RURAL BANK LTD-SEFWI-ASAWINSO"
"070615","APEX BANK","APEX BANK - ODOTOBRI RURAL BANK LTD-JACOBU"
"070616","APEX BANK","APEX BANK - ATWIMA KWANWOMA RURAL BANK LTD-PAKYI NO. 2"
"070618","APEX BANK","APEX BANK - SEKYERE RURAL BANK LTD-JAMASI"
"070619","APEX BANK","APEX BANK - AMANANO RURAL BANK LTD-NYINAHIM"
"070620","APEX BANK","APEX BANK - AMASIE WEST RURAL BANK LTD-ANTOAKROM"
"070621","APEX BANK","APEX BANK - JUABEN RURAL BANK LTD-JUABEN"
"070622","APEX BANK","APEX BANK - YAPRA RURAL BANK LTD-PRANG"
"070623","APEX BANK","APEX BANK - NWABIAGYA RURAL BANK LTD-BAREKESE"
"070624","APEX BANK","APEX BANK - ATWIMA MPONUA RURAL BANK LTD-TOASE"
"070625","APEX BANK","APEX BANK - OTUASEKAN RURAL BANK LTD-KOFIASE"
"070626","APEX BANK","APEX BANK - UPPER AMENFI RURAL BANK LTD-ANKWAWSO"
"070627","APEX BANK","APEX BANK - BIA-TORYA RURAL BANK LTD-BONSU-NKWANTA"
"070628","APEX BANK","APEX BANK - AMATIN AND KASEI COMMUNITY BANK LTD-KASEI"
"070629","APEX BANK","APEX BANK - NSUTAMAN RURAL BANK LTD-NSUTA"
"070630","APEX BANK","APEX BANK - SEFWIMAN RURAL BANK LTD-SEFWI-ASAW"
"070631","APEX BANK","APEX BANK - OFFINSO RURAL BANK LTD-KUMASI"
"070632","APEX BANK","APEX BANK - EJURAMAN RURAL BANK LTD-KUMASI"
"070633","APEX BANK","APEX BANK - BOSOME FREHO RURAL BANK LTD-KUMASI"
"070635","APEX BANK","APEX BANK - YAA ASANTEWAA RURAL BANK LTD"
"070636","APEX BANK","APEX BANK - TEPAMAN RURAL BANK LTD - TEPAMAN"
"070637","APEX BANK","APEX BANK - ASOKORE MAMPONG RURAL BANK"
"070638","APEX BANK","APEX BANK - AKUMADAN RURAL BANK"
"070701","APEX BANK","APEX BANK -SUNYANI CENTRE-SUNYANI"
"070702","APEX BANK","APEX BANK - KINTAMPO RURAL BANK LTD-KINTAMPO"
"070703","APEX BANK","APEX BANK - WAMFIE RURAL BANK LTD-WAMFIE"
"070704","APEX BANK","APEX BANK - SUMA RURAL BANK LTD-SUMA AHENKRO"
"070706","APEX BANK","APEX BANK - ASUTIFI RURAL BANK LTD-ACERENSUA"
"070707","APEX BANK","APEX BANK - NKORANZA KWABRE RURAL BANK LTD-AKUMA"
"070708","APEX BANK","APEX BANK - FIAGYA RURAL BANK LTD-BUSUNYA"
"070709","APEX BANK","APEX BANK - BOMAA AREA RURAL BANK LTD-BOMAA"
"070710","APEX BANK","APEX BANK - BADUMAN RURAL BANK LTD-BADU"
"070711","APEX BANK","APEX BANK - NSOATREMAN RURAL BANK LTD-NSOATRE"
"070712","APEX BANK","APEX BANK - DERMA RURAL BANK LTD-DERMA"
"070714","APEX BANK","APEX BANK - NKORANMAN RURAL BANK LTD-SEIKWA"
"070715","APEX BANK","APEX BANK - KAASEMAN RURAL BANK LTD-KAASE"
"070716","APEX BANK","APEX BANK - AHAFO COMMUNITY RURAL BANK LTD-KUKUOM"
"070717","APEX BANK","APEX BANK - DROBO COMMUNITY RURAL BANK LTD-DROBO"
"070718","APEX BANK","APEX BANK - NAFANA RURAL BANK LTD-SAMPA"
"070719","APEX BANK","APEX BANK - CAPITAL RURAL BANK LTD-ABESIM"
"070720","APEX BANK","APEX BANK - ATWEABAN RURAL BANK LTD-SUNYANI"
"070721","APEX BANK","APEX BANK - NKRANKWANTA RURAL BANK LTD-SUNYANI"
"070722","APEX BANK","APEX BANK - WENCHI RURAL BANK LTD"
"070723","APEX BANK","APEX BANK - BOMOSADU RURAL BANK LTD"
"070801","APEX BANK","APEX BANK - TAMALE CENTRE-TAMALE"
"070802","APEX BANK","APEX BANK - BONZALI RURAL BANK LTD-KUMBUNGU"
"070803","APEX BANK","APEX BANK - BORIMANGA RURAL BANK LTD-SAVELEGU"
"070804","APEX BANK","APEX BANK - BUWUULONSO RURAL BANK LTD-TAMALE"
"070805","APEX BANK","APEX BANK - TIZAA RURAL BANK LTD-TAMALE"
"070806","APEX BANK","APEX BANK - ZABZUGU RURAL BANK LTD"
"070901","APEX BANK","APEX BANK - BOLGA CENTRE-BOLGATANGA"
"070902","APEX BANK","APEX BANK - NAARA RURAL BANK LTD-PAGA"
"070903","APEX BANK","APEX BANK - BESSFA RURAL BANK LTD-GARU"
"070904","APEX BANK","APEX BANK - WEST MANPRUSI COMMUNITY BANK LTD-WALEWALE"
"070905","APEX BANK","APEX BANK - EAST MANPRUSI COMMUNITY BABK LTD-GAMBAGA"
"070906","APEX BANK","APEX BANK - BUILSA COMMUNITY BANK LTD-SANDEMA"
"070907","APEX BANK","APEX BANK - TOENDE RURAL BANK LTD-ZIBILLA"
"070908","APEX BANK","APEX BANK - BONGO RURAL BANK LTD-BOLGATANGA"
"071001","APEX BANK","APEX BANK -WA CENTRE-WA"
"071002","APEX BANK","APEX BANK - NANDOM RURAL BANK LTD-NANDOM"
"071003","APEX BANK","APEX BANK - SONZELE RURAL BANK LTD-JIRAPA"
"071004","APEX BANK","APEX BANK - SISSALA RURAL BANK LTD-TUMA"
"071005","APEX BANK","APEX BANK - LAWRA RURAL BANK LTD-WA"
"071101","APEX BANK","APEX BANK - APEX BANK -HOHOE CENTRE-HOHOE"
"071102","APEX BANK","APEX BANK - NORTH VOLTA RURAL BANK LTD-GUAMAN"
"071103","APEX BANK","APEX BANK - ASUBONTEN RURAL BANK LTD-WORAWORA"
"071104","APEX BANK","APEX BANK - GBI RURAL BANK LTD-HOHOE"
"071105","APEX BANK","APEX BANK - KPASSA RURAL BANK LTD-HOHOE"
"071106","APEX BANK","APEX BANK - KAAKYE RURAL BANK LTD BRANCH"
"071107","APEX BANK","APEX BANK - FREROL RURAL BANK LTD"
"080010","AGRICULTURAL DEVELOPMENT BANK","AGRICULTURAL DEVELOPMENT BANK -CORPORATE BANKING"
"080020","AGRICULTURAL DEVELOPMENT BANK","AGRICULTURAL DEVELOPMENT BANK -CONSUMER BANKING"
"080030","AGRICULTURAL DEVELOPMENT BANK","AGRICULTURAL DEVELOPMENT BANK - PARASTATALS"
"080040","AGRICULTURAL DEVELOPMENT BANK","AGRICULTURAL DEVELOPMENT BANK - AGRIC FINANCING"
"080050","AGRICULTURAL DEVELOPMENT BANK","AGRICULTURAL DEVELOPMENT BANK - COMMERCIAL BANKING"
"080060","AGRICULTURAL DEVELOPMENT BANK","AGRICULTURAL DEVELOPMENT BANK- AGRIC VALUE CHAIN"
"080070","AGRICULTURAL DEVELOPMENT BANK","AGRICULTURAL DEVELOPMENT BANK- BUSINESS FINANCE"
"080100","AGRICULTURAL DEVELOPMENT BANK","AGRICULTURAL DEVELOPMENT BANK-"
"080100","AGRICULTURAL DEVELOPMENT BANK","AGRICULTURAL DEVELOPMENT BANK-HEAD OFFICE BRANCH"
"080101","AGRICULTURAL DEVELOPMENT BANK","AGRICULTURAL DEVELOPMENT BANK-RING ROAD CENTRAL BRANCH"
"080102","AGRICULTURAL DEVELOPMENT BANK","AGRICULTURAL DEVELOPMENT BANK-ADABRAKA BRANCH"
"080103","AGRICULTURAL DEVELOPMENT BANK","AGRICULTURAL DEVELOPMENT BANK-TEMA BRANCH"
"080104","AGRICULTURAL DEVELOPMENT BANK","AGRICULTURAL DEVELOPMENT BANK-TESHIE BRANCH"
"080105","AGRICULTURAL DEVELOPMENT BANK","AGRICULTURAL DEVELOPMENT BANK-KANESHIE BRANCH"
"080106","AGRICULTURAL DEVELOPMENT BANK","AGRICULTURAL DEVELOPMENT BANK-CEDI HOUSE BRANCH"
"080107","AGRICULTURAL DEVELOPMENT BANK","AGRICULTURAL DEVELOPMENT BANK-INTERNATIONAL BANKING"
"080108","AGRICULTURAL DEVELOPMENT BANK","AGRICULTURAL DEVELOPMENT BANK-GULF HOUSE BRANCH"
"080109","AGRICULTURAL DEVELOPMENT BANK","AGRICULTURAL DEVELOPMENT BANK-DANSOMAN BRANCH"
"080110","AGRICULTURAL DEVELOPMENT BANK","AGRICULTURAL DEVELOPMENT BANK-NUNGUA BRANCH"
"080111","AGRICULTURAL DEVELOPMENT BANK","AGRICULTURAL DEVELOPMENT BANK-KORKORDZOR BRANCH"
"080112","AGRICULTURAL DEVELOPMENT BANK","AGRICULTURAL DEVELOPMENT BANK-OSU BRANCH"
"080113","AGRICULTURAL DEVELOPMENT BANK","AGRICULTURAL DEVELOPMENT BANK-MADINA BRANCH"
"080114","AGRICULTURAL DEVELOPMENT BANK","AGRICULTURAL DEVELOPMENT BANK-ABEKALAPAZ BRANCH"
"080115","AGRICULTURAL DEVELOPMENT BANK","AGRICULTURAL DEVELOPMENT BANK-AGONA SWEDRU BRANCH"
"080116","AGRICULTURAL DEVELOPMENT BANK","AGRICULTURAL DEVELOPMENT BANK-ADB HOUSE BRANCH"
"080117","AGRICULTURAL DEVELOPMENT BANK","AGRICULTURAL DEVELOPMENT BANK-ACHIMOTA BRANCH"
"080118","AGRICULTURAL DEVELOPMENT BANK","AGRICULTURAL DEVELOPMENT BANK-SPINTEX ROAD BRANCH"
"080119","AGRICULTURAL DEVELOPMENT BANK","AGRICULTURAL DEVELOPMENT BANK-MAKOLA BRANCH"
"080120","AGRICULTURAL DEVELOPMENT BANK","AGRICULTURAL DEVELOPMENT BANK-ACCRA NEW TOWN BRANCH"
"080121","AGRICULTURAL DEVELOPMENT BANK","AGRICULTURAL DEVELOPMENT BANK LTD - TEMA MERIDIAN BRANCH"
"080124","AGRICULTURAL DEVELOPMENT BANK","AGRICULTURAL DEVELOPMENT BANK-ASHIAMAN BRANCH"
"080125","AGRICULTURAL DEVELOPMENT BANK","AGRICULTURAL DEVELOPMENT BANK-DANQUAH CIRCLE BRANCH"
"080126","AGRICULTURAL DEVELOPMENT BANK","AGRICULTURAL DEVELOPMENT BANK - NIMA BRANCH"
"080127","AGRICULTURAL DEVELOPMENT BANK","AGRICULTURAL DEVELOPMENT BANK-KASOA BRANCH"
"080128","AGRICULTURAL DEVELOPMENT BANK","AGRICULTURAL DEVELOPMENT BANK - WINNEBA BRANCH"
"080129","AGRICULTURAL DEVELOPMENT BANK","AGRICULTURAL DEVELOPMENT BANK- DIAMOND CEMENT BRANCH"
"080221","AGRICULTURAL DEVELOPMENT BANK","AGRICULTURAL DEVELOPMENT BANK-KOFORIDUA BRANCH"
"080222","AGRICULTURAL DEVELOPMENT BANK","AGRICULTURAL DEVELOPMENT BANK-SUHUM BRANCH"
"080223","AGRICULTURAL DEVELOPMENT BANK","AGRICULTURAL DEVELOPMENT BANK-NKAWKAW BRANCH"
"080229","AGRICULTURAL DEVELOPMENT BANK","AGRICULTURAL DEVELOPMENT BANK--ASIAKWA BRANCH"
"080230","AGRICULTURAL DEVELOPMENT BANK","AGRICULTURAL DEVELOPMENT BANK- KADE BRANCH"
"080331","AGRICULTURAL DEVELOPMENT BANK","AGRICULTURAL DEVELOPMENT BANK-CAPE COAST BRANCH"
"080332","AGRICULTURAL DEVELOPMENT BANK","AGRICULTURAL DEVELOPMENT BANK-ASSIN FOSO BRANCH"
"080333","AGRICULTURAL DEVELOPMENT BANK","AGRICULTURAL DEVELOPMENT BANK-UCC BRANCH"
"080334","AGRICULTURAL DEVELOPMENT BANK","AGRICULTURAL DEVELOPMENT BANK-MANKESSIM BRANCH"
"080441","AGRICULTURAL DEVELOPMENT BANK","AGRICULTURAL DEVELOPMENT BANK-TAKORADI BRANCH"
"080444","AGRICULTURAL DEVELOPMENT BANK","AGRICULTURAL DEVELOPMENT BANK-ENCHI BRANCH"
"080445","AGRICULTURAL DEVELOPMENT BANK","AGRICULTURAL DEVELOPMENT BANK- TAKORADI HARBOUR BRANCH"
"080446","AGRICULTURAL DEVELOPMENT BANK","AGRICULTURAL DEVELOPMENT BANK-AGONA NKWANTA BRANCH"
"080447","AGRICULTURAL DEVELOPMENT BANK","AGRICULTURAL DEVELOPMENT BANK- GREL"
"080448","AGRICULTURAL DEVELOPMENT BANK","AGRICULTURAL DEVELOPMENT BANK-JUABOSO BRANCH"
"080552","AGRICULTURAL DEVELOPMENT BANK","AGRICULTURAL DEVELOPMENT BANK-HO BRANCH"
"080553","AGRICULTURAL DEVELOPMENT BANK","AGRICULTURAL DEVELOPMENT BANK-KPANDO BRANCH"
"080554","AGRICULTURAL DEVELOPMENT BANK","AGRICULTURAL DEVELOPMENT BANK-NKWANTA BRANCH"
"080555","AGRICULTURAL DEVELOPMENT BANK","AGRICULTURAL DEVELOPMENT BANK-DENU BRANCH"
"080556","AGRICULTURAL DEVELOPMENT BANK","AGRICULTURAL DEVELOPMENT BANK-JUAPONG BRANCH"
"080557","AGRICULTURAL DEVELOPMENT BANK","AGRICULTURAL DEVELOPMENT BANK-SOGAKOPE BRANCH"
"080558","AGRICULTURAL DEVELOPMENT BANK","AGRICULTURAL DEVELOPMENT BANK- KPEVE BRANCH"
"080559","AGRICULTURAL DEVELOPMENT BANK","AGRICULTURAL DEVELOPMENT BANK- KPASSA BRANCH"
"080661","AGRICULTURAL DEVELOPMENT BANK","AGRICULTURAL DEVELOPMENT BANK-KUMASI ADUM BRANCH"
"080662","AGRICULTURAL DEVELOPMENT BANK","AGRICULTURAL DEVELOPMENT BANK-BEKWAI BRANCH"
"080663","AGRICULTURAL DEVELOPMENT BANK","AGRICULTURAL DEVELOPMENT BANK-NEW EDUBIASE BRANCH"
"080664","AGRICULTURAL DEVELOPMENT BANK","AGRICULTURAL DEVELOPMENT BANK-OBUASI BRANCH"
"080665","AGRICULTURAL DEVELOPMENT BANK","AGRICULTURAL DEVELOPMENT BANK-KUMASI CENTRAL  MARKET BRANCH"
"080666","AGRICULTURAL DEVELOPMENT BANK","AGRICULTURAL DEVELOPMENT BANK-KUMASI ASOKWA BRANCH"
"080667","AGRICULTURAL DEVELOPMENT BANK","AGRICULTURAL DEVELOPMENT BANK-KUMASI PREMPEH 11 STREET BRANCH"
"080668","AGRICULTURAL DEVELOPMENT BANK","AGRICULTURAL DEVELOPMENT BANK-AMAKOM BRANCH"
"080684","AGRICULTURAL DEVELOPMENT BANK","AGRICULTURAL DEVELOPMENT BANK-SEFWI WIAWSO BRANCH"
"080685","AGRICULTURAL DEVELOPMENT BANK","AGRICULTURAL DEVELOPMENT BANK-ATEBUBU BRANCH"
"080686","AGRICULTURAL DEVELOPMENT BANK","AGRICULTURAL DEVELOPMENT BANK-BONSO NKWANTA BRANCH"
"080687","AGRICULTURAL DEVELOPMENT BANK","AGRICULTURAL DEVELOPMENT BANK-SEFWI ESSAM BRANCH"
"080771","AGRICULTURAL DEVELOPMENT BANK","AGRICULTURAL DEVELOPMENT BANK-SUNYANI BRANCH"
"080772","AGRICULTURAL DEVELOPMENT BANK","AGRICULTURAL DEVELOPMENT BANK-DORMAA AHENKRO BRANCH"
"080774","AGRICULTURAL DEVELOPMENT BANK","AGRICULTURAL DEVELOPMENT BANK-BEREKUM  BRANCH"
"080775","AGRICULTURAL DEVELOPMENT BANK","AGRICULTURAL DEVELOPMENT BANK-NKORANSAH BRANCH"
"080776","AGRICULTURAL DEVELOPMENT BANK","AGRICULTURAL DEVELOPMENT BANK-TECHIMAN BRANCH"
"080777","AGRICULTURAL DEVELOPMENT BANK","AGRICULTURAL DEVELOPMENT BANK-GOASO BRANCH"
"080778","AGRICULTURAL DEVELOPMENT BANK","AGRICULTURAL DEVELOPMENT BANK-KWAPONG BRANCH"
"080779","AGRICULTURAL DEVELOPMENT BANK","AGRICULTURAL DEVELOPMENT BANK-KENYASE BRANCH"
"080881","AGRICULTURAL DEVELOPMENT BANK","AGRICULTURAL DEVELOPMENT BANK-TAMALE BRANCH"
"080882","AGRICULTURAL DEVELOPMENT BANK","AGRICULTURAL DEVELOPMENT BANK-TAMALE ABOABO BRANCH"
"080883","AGRICULTURAL DEVELOPMENT BANK","AGRICULTURAL DEVELOPMENT BANK-YENDI BRANCH"
"080888","AGRICULTURAL DEVELOPMENT BANK","AGRICULTURAL DEVELOPMENT BANK- - BOLE BRANCH"
"080889","AGRICULTURAL DEVELOPMENT BANK","AGRIC DEVELOPMENT BANK - KALADAN BRANCH"
"080890","AGRICULTURAL DEVELOPMENT BANK","AGRICULTURAL DEVELOPMENT BANK- - BUIPE BRANCH"
"080897","AGRICULTURAL DEVELOPMENT BANK","AGRICULTURAL DEVELOPMENT BANK- SAVELUGU BRANCH"
"080991","AGRICULTURAL DEVELOPMENT BANK","AGRICULTURAL DEVELOPMENT BANK-BOLGATANGA BRANCH"
"080992","AGRICULTURAL DEVELOPMENT BANK","AGRICULTURAL DEVELOPMENT BANK-BAWKU BRANCH"
"080993","AGRICULTURAL DEVELOPMENT BANK","AGRICULTURAL DEVELOPMENT BANK-NAVRONGO BRANCH"
"080994","AGRICULTURAL DEVELOPMENT BANK","AGRICULTURAL DEVELOPMENT BANK- TUMU BRANCH"
"080995","AGRICULTURAL DEVELOPMENT BANK","AGRICULTURAL DEVELOPMENT BANK-WA BRANCH"
"080996","AGRICULTURAL DEVELOPMENT BANK","AGRICULTURAL DEVELOPMENT BANK- WALEWALE BRANCH"
"081095","AGRICULTURAL DEVELOPMENT BANK","AGRICULTURAL DEVELOPMENT BANK- WA BRANCH"
"081151","AGRICULTURAL DEVELOPMENT BANK","AGRICULTURAL DEVELOPMENT BANK-HOHOE BRANCH"
"090101","SOCIETE GENERAL GHANA LTD","SOCIETE GENERALE GHANA LTD - ACCRA MAIN BRANCH"
"090102","SOCIETE GENERAL GHANA LTD","SOCIETE GENERALE GHANA LTD - NORTH INDUSTRIAL AREA BRANCH"
"090103","SOCIETE GENERAL GHANA LTD","SOCIETE GENERALE GHANA LTD - TUDU BRANCH"
"090104","SOCIETE GENERAL GHANA LTD","SOCIETE GENERALE GHANA LTD - ACCRA NEW TOWN BRANCH"
"090105","SOCIETE GENERAL GHANA LTD","SOCIETE GENERALE GHANA LTD - FAANOFA BRANCH"
"090106","SOCIETE GENERAL GHANA LTD","SOCIETE GENERALE GHANA LTD - TEMA COMMUNITY TWO"
"090107","SOCIETE GENERAL GHANA LTD","SOCIETE GENERALE GHANA LTD - OSU BRANCH"
"090108","SOCIETE GENERAL GHANA LTD","SOCIETE GENERALE GHANA LTD - OKAISHIE"
"090109","SOCIETE GENERAL GHANA LTD","SOCIETE GENERALE GHANA LTD - KANASHIE"
"090110","SOCIETE GENERAL GHANA LTD","SOCIETE GENERALE GHANA LTD - TEMA FISHING HARBOUR"
"090114","SOCIETE GENERAL GHANA LTD","SOCIETE GENERALE GHANA LTD - PREMIER TOWERS"
"090115","SOCIETE GENERAL GHANA LTD","SOCIETE GENERALE GHANA LTD - HEAD OFFICE"
"090117","SOCIETE GENERAL GHANA LTD","SOCIETE GENERALE GHANA LTD - SPINTEX ROAD BRANCH"
"090118","SOCIETE GENERAL GHANA LTD","SOCIETE GENERALE GHANA LTD - MADINA BRANCH"
"090119","SOCIETE GENERAL GHANA LTD","SOCIETE GENERALE GHANA LTD - KASOA BRANCH"
"090120","SOCIETE GENERAL GHANA LTD","SOCIETE GENERALE GHANA LTD - TEMA COMMUNITY ONE BRANCH"
"090121","SOCIETE GENERAL GHANA LTD","SOCIETE GENERALE GHANA LTD- ASHIAMAN BRANCH"
"090122","SOCIETE GENERAL GHANA LTD","SOCIETE GENERALE GHANA LTD - EAST LEGON BRANCH"
"090123","SOCIETE GENERAL GHANA LTD","SOCIETE GENERALE GHANA LTD - AIRPORT CITY BRANCH"
"090124","SOCIETE GENERAL GHANA LTD","SOCIETE GENERALE GHANA LTD - DANSOMAN BRANCH"
"090125","SOCIETE GENERAL GHANA LTD","SOCIETE GENERALE GHANA LTD -KANESHIE MARKET BRANCH"
"090126","SOCIETE GENERAL GHANA LTD","SOCIETE GENERALE GHANA LTD-ACHIMOTA BRANCH"
"090201","SOCIETE GENERAL GHANA LTD","SOCIETE GENERALE GHANA LTD - KOFORIDUA"
"090202","SOCIETE GENERAL GHANA LTD","SOCIETE GENERALE GHANA LTD - AKIM ODA BRANCH"
"090301","SOCIETE GENERAL GHANA LTD","SOCIETE GENERALE GHANA LTD - CAPE COAST BRANCH"
"090302","SOCIETE GENERAL GHANA LTD","SOCIETE GENERALE GHANA LTD - DUNKWA BRANCH"
"090401","SOCIETE GENERAL GHANA LTD","SOCIETE GENERALE GHANA LTD - TAKORADI BRANCH"
"090404","SOCIETE GENERAL GHANA LTD","SOCIETE GENERALE GHANA LTD - TARKWA BRANCH"
"090411","SOCIETE GENERAL GHANA LTD","SOCIETE GENERALE GHANA LTD- TAKORADI MARKET CIRCLE BRANCH"
"090501","SOCIETE GENERAL GHANA LTD","SOCIETE GENERALE GHANA LTD - HO BRANCH"
"090601","SOCIETE GENERAL GHANA LTD","SOCIETE GENERALE GHANA LTD - ADUM BRANCH"
"090602","SOCIETE GENERAL GHANA LTD","SOCIETE GENERALE GHANA LTD - KUMASI CENTRAL BRANCH"
"090603","SOCIETE GENERAL GHANA LTD","SOCIETE GENERALE GHANA LTD - BIBIANI BRANCH"
"090605","SOCIETE GENERAL GHANA LTD","SOCIETE GENERALE GHANA LTD - ASAFO BRANCH"
"090606","SOCIETE GENERAL GHANA LTD","SOCIETE GENERALE GHANA LTD - SUAMI BRANCH"
"090607","SOCIETE GENERAL GHANA LTD","SOCIETE GENERALE GHANA LTD - KEJETIA BRANCH"
"090701","SOCIETE GENERAL GHANA LTD","SOCIETE GENERALE GHANA LTD - SUNYANI BRANCH"
"090741","SOCIETE GENERAL GHANA LTD","SOCIETE GENERALE GHANA LTD - BEREKUM BRANCH"
"090801","SOCIETE GENERAL GHANA LTD","SOCIETE GENERALE GHANA LTD - TAMALE BRANCH"
"090901","SOCIETE GENERAL GHANA LTD","SOCIETE GENERALE GHANA LTD - BOLGATANGA BRANCH"
"091001","SOCIETE GENERAL GHANA LTD","SOCIETE GENERALE GHANA LTD - WA BRANCH"
"100100","UNIVERSAL MERCHANT BANK (GH) LTD","UNIVERSAL MERCHANT BANK (GH) LTD"
"100101","UNIVERSAL MERCHANT BANK (GH) LTD","UNIVERSAL MERCHANT BANK (GH) LTD-ACCRA BRANCH"
"100102","UNIVERSAL MERCHANT BANK (GH) LTD","UNIVERSAL MERCHANT BANK (GH) LTD-TEMA BRANCH"
"100103","UNIVERSAL MERCHANT BANK (GH) LTD","UNIVERSAL MERCHANT BANK (GH) LTD-RIDGE BRANCH"
"100104","UNIVERSAL MERCHANT BANK (GH) LTD","UNIVERSAL MERCHANT BANK (GH) LTD-ADABRAKA"
"100105","UNIVERSAL MERCHANT BANK (GH) LTD","UNIVERSAL MERCHANT BANK (GH) LTD-KANESHIE"
"100106","UNIVERSAL MERCHANT BANK (GH) LTD","UNIVERSAL MERCHANT BANK (GH) LTD-ABEKA BRANCH"
"100107","UNIVERSAL MERCHANT BANK (GH) LTD","UNIVERSAL MERCHANT BANK (GH) LTD-NORTH INDUSTRIAL"
"100108","UNIVERSAL MERCHANT BANK (GH) LTD","UNIVERSAL MERCHANT BANK (GH) LTD-TEMA EAST"
"100109","UNIVERSAL MERCHANT BANK (GH) LTD","UNIVERSAL MERCHANT BANK (GH) LTD-ACHIMOTA"
"100110","UNIVERSAL MERCHANT BANK (GH) LTD","UNIVERSAL MERCHANT BANK (GH) LTD-ABOSEY OKAI"
"100111","UNIVERSAL MERCHANT BANK (GH) LTD","UNIVERSAL MERCHANT BANK (GH) LTD-SOUTH INDUSTRIAL AREA"
"100112","UNIVERSAL MERCHANT BANK (GH) LTD","UNIVERSAL MERCHANT BANK (GH) LTD-OSU"
"100113","UNIVERSAL MERCHANT BANK (GH) LTD","UNIVERSAL MERCHANT BANK (GH) LTD - LABONE"
"100114","UNIVERSAL MERCHANT BANK (GH) LTD","UNIVERSAL MERCHANT BANK (GH) LTD-AIRPORT CITY"
"100115","UNIVERSAL MERCHANT BANK (GH) LTD","UNIVERSAL MERCHANT BANK - JUNCTION MALL BRANCH"
"100116","UNIVERSAL MERCHANT BANK (GH) LTD","UNIVERSAL MERCHANT BANK (GH) LTD - East Legon Branch"
"100117","UNIVERSAL MERCHANT BANK (GH) LTD","UNIVERSAL MERCHANT BANK (GH) LTD - OXFORD STREET"
"100118","UNIVERSAL MERCHANT BANK (GH) LTD","UNIVERSAL MERCHANT BANK (GH) LTD- SPINTEX ROAD"
"100119","UNIVERSAL MERCHANT BANK (GH) LTD","UNIVERSAL MERCHANT BANK (GH) LTD - SAKAMAN BRANCH"
"100122","UNIVERSAL MERCHANT BANK (GH) LTD","UNIVERSAL MERCHANT BANK (GH) LTD-MADINA"
"100204","UNIVERSAL MERCHANT BANK (GH) LTD","UNIVERSAL MERCHANT BANK (GH) LTD-KOFORIDUA"
"100401","UNIVERSAL MERCHANT BANK (GH) LTD","UNIVERSAL MERCHANT BANK (GH) LTD-TAKORADI"
"100402","UNIVERSAL MERCHANT BANK (GH) LTD","UNIVERSAL MERCHANT BANK (GH) LTD-TARKWA"
"100501","UNIVERSAL MERCHANT BANK (GH) LTD","UNIVERSAL MERCHANT BANK (GH) LTD - KASOA"
"100601","UNIVERSAL MERCHANT BANK (GH) LTD","UNIVERSAL MERCHANT BANK (GH) LTD-KUMASI"
"100602","UNIVERSAL MERCHANT BANK (GH) LTD","UNIVERSAL MERCHANT BANK (GH) LTD-BIBIANI"
"100603","UNIVERSAL MERCHANT BANK (GH) LTD","UNIVERSAL MERCHANT BANK (GH) LTD-ASAFO"
"100604","UNIVERSAL MERCHANT BANK (GH) LTD","UNIVERSAL MERCHANT BANK (GH) LTD-BANTAMA"
"100605","UNIVERSAL MERCHANT BANK (GH) LTD","UNIVERSAL MERCHANT BANK (GH) LTD-ADUM"
"100606","UNIVERSAL MERCHANT BANK (GH) LTD","UNIVERSAL MERCHANT BANK (GH) LTD-KONONGO"
"100701","UNIVERSAL MERCHANT BANK (GH) LTD","UNIVERSAL MERCHANT BANK (GH) LTD-TECHIMAN"
"100801","UNIVERSAL MERCHANT BANK (GH) LTD","UNIVERSAL MERCHANT BANK (GH) LTD-TAMALE"
"110100","REPUBLIC BANK (GH) LTD","REPUBLIC BANK"
"110101","REPUBLIC BANK (GH) LTD","REPUBLIC BANK (GH) LTD-EBANKESE BRANCH"
"110103","REPUBLIC BANK (GH) LTD","REPUBLIC BANK GH LTD-ACCRA CENTRAL"
"110104","REPUBLIC BANK (GH) LTD","REPUBLIC BANK (GH) LTD-RIDGE"
"110105","REPUBLIC BANK (GH) LTD","REPUBLIC BANK  (GH) LTD-TEMA"
"110107","REPUBLIC BANK (GH) LTD","REPUBLIC BANK  (GH) LTD-LEGON"
"110108","REPUBLIC BANK (GH) LTD","REPUBLIC BANK  (GH) LTD-ABOSEY OKAI"
"110109","REPUBLIC BANK (GH) LTD","REPUBLIC BANK  (GH) LTD-TUDU"
"110116","REPUBLIC BANK (GH) LTD","REPUBLIC BANK (GH) LTD- BAATSONA"
"110117","REPUBLIC BANK (GH) LTD","REPUBLIC BANK  (GH) LTD-PRIVATE BANKING"
"110118","REPUBLIC BANK (GH) LTD","REPUBLIC BANK (GH) LTD-ASHIAMAN"
"110119","REPUBLIC BANK (GH) LTD","REPUBLIC BANK  (GH) LTD-POST OFFICE SQUARE BRANCH"
"110120","REPUBLIC BANK (GH) LTD","REPUBLIC BANK - ADABRAKA BRANCH"
"110121","REPUBLIC BANK (GH) LTD","REPUBLIC BANK (GH) LTD - DANSOMAN BRANCH"
"110122","REPUBLIC BANK (GH) LTD","REPUBLIC BANK  (GH) LTD- ACCRA NEW TOWN"
"110123","REPUBLIC BANK (GH) LTD","REPUBLIC BANK  (GH) LTD - MADINA"
"110124","REPUBLIC BANK (GH) LTD","REPUBLIC BANK  (GH) LTD- ACHIMOTA"
"110126","REPUBLIC BANK (GH) LTD","REPUBLIC BANK  (GH) LTD -ADJIRIGANO BRANCH"
"110127","REPUBLIC BANK (GH) LTD","REPUBLIC BANK  (GH) LTD - Community 25"
"110215","REPUBLIC BANK (GH) LTD","REPUBLIC BANK (GH) LTD-KOFORIDUA"
"110216","REPUBLIC BANK (GH) LTD","REPUBLIC BANK  (GH) LTD-ASAMANKESE BRANCH"
"110301","REPUBLIC BANK (GH) LTD","REPUBLIC BANK  - KASOA BRANCH"
"110302","REPUBLIC BANK (GH) LTD","REPUBLIC BANK GHANA LTD-SWEDRU BRANCH"
"110303","REPUBLIC BANK (GH) LTD","REPUBLIC BANK (GH) LTD - CAPE COAST BRANCH"
"110304","REPUBLIC BANK (GH) LTD","REPUBLIC BANK (GH) LTD-WINNEBA"
"110401","REPUBLIC BANK (GH) LTD","REPUBLIC BANK  (GH) LTD-TAKORADI"
"110402","REPUBLIC BANK (GH) LTD","REPUBLIC BANK  (GH) LTD-SEFWI WIAWSO"
"110403","REPUBLIC BANK (GH) LTD","REPUBLIC BANK  (GH) LTD-SEFWI BEKWAI"
"110404","REPUBLIC BANK (GH) LTD","REPUBLIC BANK  (GH) LTD- JUABESO"
"110405","REPUBLIC BANK (GH) LTD","REPUBLIC BANK  (GH) LTD- AKONTOMBRA"
"110406","REPUBLIC BANK (GH) LTD","REPUBLIC BANK  (GH) LTD- ESSAM"
"110407","REPUBLIC BANK (GH) LTD","REPUBLIC BANK (GH) LTD-ASEMPANAYE"
"110409","REPUBLIC BANK (GH) LTD","REPUBLIC BANK  (GH) LTD- ASANKRAGWA"
"110601","REPUBLIC BANK (GH) LTD","REPUBLIC BANK (GH) LTD-KUMASI"
"110604","REPUBLIC BANK (GH) LTD","REPUBLIC BANK (GH) LTD-KUMASI MAGAZINE BRANCH"
"110605","REPUBLIC BANK (GH) LTD","REPUBLIC BANK  (GH) LTD- ASOKWA"
"110613","REPUBLIC BANK (GH) LTD","REPUBLIC BANK (GH) LTD-KNUST"
"110710","REPUBLIC BANK (GH) LTD","REPUBLIC BANK (GH) LTD-TECHIMAN"
"110711","REPUBLIC BANK (GH) LTD","REPUBLIC BANK  (GH) LTD - GOASO"
"110814","REPUBLIC BANK (GH) LTD","REPUBLIC BANK  (GH) LTD-TAMALE"
"110901","REPUBLIC BANK (GH) LTD","REPUBLIC BANK  (GH) LTD - BOLGA"
"120101","ZENITH BANK","ZENITH BANK (GH) LTD-PREMIER TOWERS"
"120102","ZENITH BANK","ZENITH BANK (GH) LTD-PATRICE LUMUMBA ROAD"
"120103","ZENITH BANK","ZENITH BANK (GH) LTD-TEMA COMMUNITY 1"
"120104","ZENITH BANK","ZENITH BANK GHANA LTD-KOJO THOMPSON ROAD BRANCH"
"120105","ZENITH BANK","ZENITH BANK GHANA LTD- SPINTEX"
"120106","ZENITH BANK","ZENITH BANK (GH) LTD-GRAPHIC ROAD"
"120107","ZENITH BANK","ZENITH BANK (GH) LTD-NORTH INDUSTRIAL AREA"
"120108","ZENITH BANK","ZENITH BANK (GH) LTD-LABONE"
"120109","ZENITH BANK","ZENITH BANK GHANA LTD-EAST LEGON"
"120110","ZENITH BANK","ZENITH BANK (GH) LTD-TEMA INDUSTRIAL AREA"
"120111","ZENITH BANK","ZENITH BANK (GH) LTD-ACHIMOTA BRANCH"
"120112","ZENITH BANK","ZENITH BANK (GH) LTD-AKOSOMBO BRANCH"
"120113","ZENITH BANK","ZENITH BANK (GH) LTD - TEMA METRO BRANCH"
"120114","ZENITH BANK","ZENITH BANK (GH) LTD - FREE ZONES BRANCH"
"120115","ZENITH BANK","ZENITH BANK (GH) LTD - TRADE FAIR BRANCH"
"120116","ZENITH BANK","ZENITH BANK (GH) LTD - SAKAMAN BRANCH"
"120117","ZENITH BANK","ZENITH BANK (GH) LTD-PREMIER TOWERS BRANCH"
"120201","ZENITH BANK","ZENITH BANK GHANA LTD - KOFORIDUA BRANCH"
"120301","ZENITH BANK","ZENITH BANK (GHANA) LTD - CAPE COAST BRANCH"
"120401","ZENITH BANK","ZENITH BANK (GH) LTD-TAKORADI MAIN"
"120402","ZENITH BANK","ZENITH BANK (GH) LTD-TAKORADI HABOUR BRANCH"
"120403","ZENITH BANK","ZENITH BANK (GH) LTD - TARKWA"
"120501","ZENITH BANK","ZENITH BANK (GH) LTD - Ho Branch"
"120601","ZENITH BANK","ZENITH BANK (GH) LTD-KUMASI MAIN"
"120602","ZENITH BANK","ZENITH BANK (GH) LTD- Adum"
"120603","ZENITH BANK","ZENITH BANK (GHANA) LTD - SUAME BRANCH"
"120701","ZENITH BANK","ZENITH BANK (GH) LTD-SUNYANI"
"120801","ZENITH BANK","ZENITH BANK (GH) LTD -Tamale"
"130101","ECOBANK GHANA LTD","ECOBANK (GH) LTD-HEAD OFFICE BRANCH BRANCH"
"130102","ECOBANK GHANA LTD","ECOBANK (GH) LTD-TEMA BRANCH BRANCH"
"130103","ECOBANK GHANA LTD","ECOBANK (GH) LTD-RING ROAD CENTRAL BRANCH"
"130104","ECOBANK GHANA LTD","ECOBANK (GH) LTD-TUDU BRANCH"
"130105","ECOBANK GHANA LTD","ECOBANK (GH) LTD-SILVER STAR BRANCH"
"130106","ECOBANK GHANA LTD","ECOBANK (GH) LTD-OSU BRANCH"
"130107","ECOBANK GHANA LTD","ECOBANK (GH) LTD-A AND C BRANCH"
"130108","ECOBANK GHANA LTD","ECOBANK (GH) LTD-TEMA LONG ROOM BRANCH"
"130109","ECOBANK GHANA LTD","ECOBANK (GH) LTD-McCARTHY HILL BRANCH"
"130110","ECOBANK GHANA LTD","ECOBANK (GH) LTD - ROMAN RIDGE BRANCH"
"130111","ECOBANK GHANA LTD","ECOBANK (GH) LTD-ABEKA LAPAZ BRANCH"
"130112","ECOBANK GHANA LTD","ECOBANK (GH) LTD-DANSOMAN BRANCH"
"130113","ECOBANK GHANA LTD","ECOBANK(GH)LTD-TEMA COMMUNITY 6 BRANCH"
"130114","ECOBANK GHANA LTD","ECOBANK (GH) LTD-DARKUMAN BRANCH"
"130115","ECOBANK GHANA LTD","ECOBANK (GH) LTD-LEGON BRANCH"
"130116","ECOBANK GHANA LTD","ECOBANK(GH) LTD-SOUTH INDUSTRIAL AREA(SIA) BRANCH"
"130117","ECOBANK GHANA LTD","ECOBANK (GH) LTD-SPINTEX BRANCH"
"130118","ECOBANK GHANA LTD","ECOBANK (GH) LTD-ACCRA SHOPPING MALL BRANCH"
"130119","ECOBANK GHANA LTD","ECOBANK (GH) LTD-TEMA SHOPPING MALL BRANCH"
"130120","ECOBANK GHANA LTD","ECOBANK(GH) LTD-WEIJA BRANCH"
"130121","ECOBANK GHANA LTD","ECOBANK (GH)LTD-ACHIMOTA MILE 7 BRANCH"
"130122","ECOBANK GHANA LTD","ECOBANK (GH) LTD-MADINA BRANCH"
"130123","ECOBANK GHANA LTD","ECOBANK(GH) LTD-HAATSOO BRANCH"
"130124","ECOBANK GHANA LTD","ECOBANK(GH)LTD-WESTLANDS BRANCH"
"130125","ECOBANK GHANA LTD","ECOBANK (GH) LTD-MOTOR WAY ROUNDABOUT BRANCH"
"130127","ECOBANK GHANA LTD","ECOBANK(GH)LTD-KOTOBABI BRANCH"
"130128","ECOBANK GHANA LTD","ECOBANK(GH) LTD-SAFE BOND BRANCH"
"130129","ECOBANK GHANA LTD","ECOBANK (GH) LTD-LABONE BRANCH"
"130130","ECOBANK GHANA LTD","ECOBANK (GH) LTD-BURMA CAMP BRANCH"
"130131","ECOBANK GHANA LTD","ECOBANK (GH) LTD-REINSURANCE HOUSE BRANCH"
"130132","ECOBANK GHANA LTD","ECOBANK (GH) LTD-TRUST TOWERS BRANCH"
"130133","ECOBANK GHANA LTD","ECOBANK (GH) LTD-TESANO BRANCH"
"130134","ECOBANK GHANA LTD","ECOBANK (GH) LTD-HOSPITAL ROAD BRANCH"
"130135","ECOBANK GHANA LTD","ECOBANK (GH) LTD-KASOA BRANCH"
"130136","ECOBANK GHANA LTD","ECOBANK (GH) LTD-KANTAMANTO BRANCH"
"130137","ECOBANK GHANA LTD","ECOBANK (GH) LTD-MADINA CENTRAL BRANCH"
"130138","ECOBANK GHANA LTD","ECOBANK (GH) LTD-COMMUNITY1 BRANCH"
"130139","ECOBANK GHANA LTD","ECOBANK (GH) LTD-SAKUMONO BRANCH"
"130140","ECOBANK GHANA LTD","ECOBANK (GH) LTD-HIGH STREET BRANCH"
"130141","ECOBANK GHANA LTD","ECOBANK (GH) LTD-KWASHIEMAN BRANCH"
"130142","ECOBANK GHANA LTD","ECOBANK (GH) LTD-KISSEIMAN BRANCH"
"130145","ECOBANK GHANA LTD","ECOBANK (GH) LTD-ACCION"
"130146","ECOBANK GHANA LTD","ECOBANK (GH) LTD-OPPORTUNITY INT. SAVINGS AND LOAN"
"130147","ECOBANK GHANA LTD","ECOBANK (GH) LTD-EAST AIRPORT BRANCH"
"130148","ECOBANK GHANA LTD","ECOBANK (GH) LTD-KWABENYA BRANCH"
"130149","ECOBANK GHANA LTD","ECOBANK (GH) LTD-OKPONGLO BRANCH"
"130150","ECOBANK GHANA LTD","ECOBANK (GH) LTD-ASHAIMAN BRANCH"
"130153","ECOBANK GHANA LTD","ECOBANK (GH) LTD - KWAME NKRUMAH AVENUE BRANCH"
"130154","ECOBANK GHANA LTD","ECOBANK (GH) LTD-ADEHYEMAN SAVINGS & LOAN"
"130161","ECOBANK GHANA LTD","ECOBANK (GH) LTD-NBFI-ADVANS GH"
"130162","ECOBANK GHANA LTD","ECOBANK (GH) LTD - NEW ABEKA BRANCH"
"130163","ECOBANK GHANA LTD","ECOBANK (GH) LTD - GOLDEN PRIDE S&L"
"130164","ECOBANK GHANA LTD","ECOBANK (GH) LTD - PRIVATE BANKING"
"130201","ECOBANK GHANA LTD","ECOBANK (GH) LTD-NEW ABIREM BRANCH"
"130401","ECOBANK GHANA LTD","ECOBANK (GH) LTD-TAKORADI BRANCH"
"130402","ECOBANK GHANA LTD","ECOBANK (GH) LTD-TARKWA BRANCH"
"130403","ECOBANK GHANA LTD","ECOBANK (GH) LTD-TAKORADI MARKET CIRCLE BRANCH"
"130404","ECOBANK GHANA LTD","ECOBANK(GH) LTD-ELUBU BRANCH"
"130405","ECOBANK GHANA LTD","ECOBANK(GH) TAKORADI COLLINS STREET BRANCH"
"130406","ECOBANK GHANA LTD","ECOBANK (GH) LTD - ESIAMA BRANCH"
"130501","ECOBANK GHANA LTD","ECOBANK (GH) LTD-AFLAO BRANCH"
"130601","ECOBANK GHANA LTD","ECOBANK (GH) LTD-KUMASI HARPER ROAD BRANCH"
"130602","ECOBANK GHANA LTD","ECOBANK (GH) LTD-JUBILEE HOUSE BRANCH"
"130603","ECOBANK GHANA LTD","ECOBANK (GH) LTD-KNUST BRANCH"
"130604","ECOBANK GHANA LTD","ECOBANK(GH) LTD-ADUM BRANCH"
"130605","ECOBANK GHANA LTD","ECOBANK(GH)LTD-ABREPO JUNCTION BRANCH"
"130606","ECOBANK GHANA LTD","ECOBANK(GH)LTD-TAFO BRANCH"
"130607","ECOBANK GHANA LTD","ECOBANK (GH) LTD-ASH TOWN BRANCH"
"130608","ECOBANK GHANA LTD","ECOBANK(GH) LTD-KEJETIA BRANCH"
"130609","ECOBANK GHANA LTD","ECOBANK (GH) LTD-ABREPO MAIN BRANCH"
"130610","ECOBANK GHANA LTD","ECOBANK(GH) LTD-BANTAMA BRANCH"
"130611","ECOBANK GHANA LTD","ECOBANK (GH) LTD-STADIUM BRANCH"
"130612","ECOBANK GHANA LTD","ECOBANK (GH) LTD-TANOSO BRANCH"
"130614","ECOBANK GHANA LTD","ECOBANK (GH) LTD-SSNIT HOUSE BRANCH"
"130615","ECOBANK GHANA LTD","ECOBANK (GH) LTD-SUAME BRANCH"
"130616","ECOBANK GHANA LTD","ECOBANK (GH) LTD-ASHTOWN EAST BRANCH"
"130701","ECOBANK GHANA LTD","ECOBANK (GH) LTD-KENYASI AGENCY"
"130702","ECOBANK GHANA LTD","ECOBANK (GH) LTD-SUNYANI BRANCH"
"130801","ECOBANK GHANA LTD","ECOBANK (GH) LTD-TAMALE"
"140100","CAL BANK LTD","CAL BANK LTD"
"140100","CAL BANK LTD","CAL BANK LTD - HEAD OFFICE BRANCH"
"140101","CAL BANK LTD","CAL BANK LTD-INDEPENDENCE AVENUE BRANCH"
"140102","CAL BANK LTD","CAL BANK LTD-TEMA BRANCH"
"140103","CAL BANK LTD","CAL BANK LTD-DERBY AVENUE BRANCH"
"140104","CAL BANK LTD","CAL BANK LTD-SPINTEX ROAD BRANCH"
"140105","CAL BANK LTD","CAL BANK LTD-GRAPHIC ROAD BRANCH"
"140106","CAL BANK LTD","CAL BANK LTD-TEMA HARBOUR BRANCH"
"140107","CAL BANK LTD","CAL BANK LTD - WEIJA BRANCH"
"140108","CAL BANK LTD","CAL BANK LTD - CIRCLE BRANCH"
"140109","CAL BANK LTD","CAL BANK LTD-LEGON BRANCH"
"140110","CAL BANK LTD","CAL BANK LTD-RING ROAD CENTRAL BRANCH"
"140111","CAL BANK LTD","CAL BANK LTD-ACHIMOTA BRANCH"
"140112","CAL BANK LTD","CAL BANK - OSU BRANCH"
"140113","CAL BANK LTD","CAL BANK LTD- COMMUNITY 25 BRANCH"
"140114","CAL BANK LTD","CAL BANK - EAST LEGON BRANCH"
"140115","CAL BANK LTD","CAL BANK - DANSOMAN BRANCH"
"140116","CAL BANK LTD","CAL BANK LTD-LABONE BRANCH"
"140117","CAL BANK LTD","CAL BANK LTD - AIRPORT CITY BRANCH"
"140118","CAL BANK LTD","CAL BANK LTD-AIRPORT REFINERY"
"140190","CAL BANK LTD","CAL BANK LTD-PRIVATE BANKING"
"140199","CAL BANK LTD","CAL BANK LTD - OPPORTUNITY SAVINGS & LOANS"
"140401","CAL BANK LTD","CAL BANK LTD-TAKORADI BRANCH"
"140402","CAL BANK LTD","CAL BANK LTD-TARKWA BRANCH BRANCH"
"140403","CAL BANK LTD","CAL BANK LTD-TAKORADI HARBOUR BRANCH"
"140404","CAL BANK LTD","CAL BANK LTD - ESIAMA BRANCH"
"140405","CAL BANK LTD","CAL BANK LTD-SEKONDI ROAD BRANCH"
"140601","CAL BANK LTD","CAL BANK LTD-NHYIEASO BRANCH"
"140602","CAL BANK LTD","CAL BANK LTD-SUAME BRANCH"
"140603","CAL BANK LTD","CAL BANK LTD-KEJETIA BRANCH"
"140604","CAL BANK LTD","CAL BANK LTD-KNUST BRANCH"
"140605","CAL BANK LTD","CAL BANK LTD - ASAFO BRANCH"
"140801","CAL BANK LTD","CAL BANK LTD-TAMALE BRANCH"
"170114","FIRST ATLANTIC BANK LTD","FIRST ATLANTIC BANK LTD - EAST LEGON MAIN BRANCH"
"170115","FIRST ATLANTIC BANK LTD","FIRST ATLANTIC BANK LTD - KOTOBABI BRANCH"
"170116","FIRST ATLANTIC BANK LTD","FIRST ATLANTIC BANK LTD - SAKUMONO BRANCH"
"170117","FIRST ATLANTIC BANK LTD","FIRST ATLANTIC  BANK LTD - AMERICAN HOUSEBRANCH"
"170118","FIRST ATLANTIC BANK LTD","FIRST ATLANTIC  BANK LTD - LAPAZ BRANCH"
"170119","FIRST ATLANTIC BANK LTD","FIRST ATLANTIC  BANK LTD - SAKAMAN  BRANCH"
"170120","FIRST ATLANTIC BANK LTD","FIRST ATLANTIC  BANK LTD-DWORWULU  BRANCH"
"170121","FIRST ATLANTIC BANK LTD","FIRST ATLANTIC  BANK LTD-RING ROAD BRANCH"
"170122","FIRST ATLANTIC BANK LTD","FIRST ATLANTIC  BANK LTD - MADINA BRANCH"
"170123","FIRST ATLANTIC BANK LTD","FIRST ATLANTIC  BANK LTD -KASOA BRANCH"
"170124","FIRST ATLANTIC BANK LTD","FIRST ATLANTIC  BANK LTD - OSU MAIN BRANCH"
"170126","FIRST ATLANTIC BANK LTD","FIRST ATLANTIC  BANK LTD - TEMA COMM 1 BRANCH"
"170127","FIRST ATLANTIC BANK LTD","FIRST ATLANTIC  BANK LTD - SPINTEX BRANCH 2"
"170128","FIRST ATLANTIC BANK LTD","FIRST ATLANTIC  BANK LTD - 37 BRANCH"
"170129","FIRST ATLANTIC BANK LTD","FIRST ATLANTIC  BANK LTD - TRADE FAIR BRANCH"
"170180","FIRST ATLANTIC BANK LTD","FIRST ATLANTIC BANK LTD -SIC LIFE SAVINGS AND LOANS LIMITED"
"170401","FIRST ATLANTIC BANK LTD","FIRST ATLANTIC  BANK LTD-TADI MARKT CIRCLE BRANCH"
"170601","FIRST ATLANTIC BANK LTD","FIRST ATLANTIC  BANK LTD-KUMASI BRANCH"
"170602","FIRST ATLANTIC BANK LTD","FIRST ATLANTIC  BANK LTD-SUAME BRANCH"
"170603","FIRST ATLANTIC BANK LTD","FIRST ATLANTIC  BANK LTD -ADUM BRANCH"
"170605","FIRST ATLANTIC BANK LTD","FIRST ATLANTIC  BANK LTD - MANHYIA BRANCH"
"170650","FIRST ATLANTIC BANK LTD","FIRST ATLANTIC  BANK LTD - MULTICREDIT SAVINGS & LOANS LIMITED"
"170701","FIRST ATLANTIC BANK LTD","FIRST ATLANTIC  BANK LTD - TECHIMAN BRANCH"
"170801","FIRST ATLANTIC BANK LTD","FIRST ATLANTIC  BANK LTD -TAMALE BRANCH"
"180100","PRUDENTIAL BANK LTD","PRUDENTIAL BANK LTD-"
"180101","PRUDENTIAL BANK LTD","PRUDENTIAL BANK LTD-ACCRA BRANCH"
"180102","PRUDENTIAL BANK LTD","PRUDENTIAL BANK LTD-ABOSSEY OKAI BRANCH"
"180103","PRUDENTIAL BANK LTD","PRUDENTIAL BANK LTD-GICEL"
"180104","PRUDENTIAL BANK LTD","PRUDENTIAL BANK LTD-TEMA FISHING HABOUR"
"180105","PRUDENTIAL BANK LTD","PRUDENTIAL BANK LTD-MADINA BRANCH"
"180107","PRUDENTIAL BANK LTD","PRUDENTIAL BANK LTD-MAKOLA BRANCH"
"180109","PRUDENTIAL BANK LTD","PRUDENTIAL BANK LTD-RING ROAD CENTRAL BRANCH"
"180110","PRUDENTIAL BANK LTD","PRUDENTIAL BANK LTD-SPINTEX ROAD BRANCH"
"180111","PRUDENTIAL BANK LTD","PRUDENTIAL BANK LTD-TEMA COMMUNITY 1 BRANCH"
"180112","PRUDENTIAL BANK LTD","PRUDENTIAL BANK LTD-WEIJA BRANCH"
"180113","PRUDENTIAL BANK LTD","PRUDENTIAL BANK LTD-TESANO BRANCH"
"180114","PRUDENTIAL BANK LTD","PRUDENTIAL BANK LTD-ZONGO JUNCTION BRANCH"
"180115","PRUDENTIAL BANK LTD","PRUDENTIAL BANK LTD-ODORKOR BRANCH"
"180116","PRUDENTIAL BANK LTD","PRUDENTIAL BANK LTD-ABEKA BRANCH"
"180117","PRUDENTIAL BANK LTD","PRUDENTIAL BANK LTD - NORTH INDUSTRIAL AREA BRANCH"
"180118","PRUDENTIAL BANK LTD","PRUDENTIAL BANK LTD-ADENTA BRANCH"
"180119","PRUDENTIAL BANK LTD","PRUDENTIAL BANK LTD-KWAME NKRUMAH CIRCLE"
"180120","PRUDENTIAL BANK LTD","PRUDENTIAL BANK LTD-MATAHEKO BRANCH"
"180121","PRUDENTIAL BANK LTD","PRUDENTIAL BANK    LTD - OKAISHIE BRANCH"
"180122","PRUDENTIAL BANK LTD","PRUDENTIAL BANK LTD - EAST LEGON BRANCH"
"180123","PRUDENTIAL BANK LTD","PRUDENTIAL BANK - BAWALESHIE BRANCH"
"180124","PRUDENTIAL BANK LTD","PRUDENTIAL BANK LTD -NUNGUA BRANCH"
"180125","PRUDENTIAL BANK LTD","PRUDENTIAL BANK LTD- VALLEY VIEW UNIVERSITY BRANCH"
"180126","PRUDENTIAL BANK LTD","PRUDENTIAL BANK - UNIVERSITY OF GHANA BRANCH"
"180127","PRUDENTIAL BANK LTD","PRUDENTIAL BANK - TAIFA BRANCH"
"180128","PRUDENTIAL BANK LTD","PRUDENTIAL BANK LTD- AIRPORT CITY BRANCH"
"180129","PRUDENTIAL BANK LTD","PRUDENTIAL BANK LTD-CANTONMENTS BRANCH"
"180199","PRUDENTIAL BANK LTD","PRUDENTIAL BANK LTD-GOLDEN LINK SAVINGS AND LOANS COMPANY"
"180201","PRUDENTIAL BANK LTD","PRUDENTIAL BANK LTD-KOFORIDUA BRANCH"
"180301","PRUDENTIAL BANK LTD","PRUDENTIAL BANK LTD-CAPECOAST BRANCH"
"180302","PRUDENTIAL BANK LTD","PRUDENTIAL BANK LTD-UNIV. OF CAPE COAST BRANCH"
"180401","PRUDENTIAL BANK LTD","PRUDENTIAL BANK LTD-TAKORADI HARBOUR BRANCH"
"180402","PRUDENTIAL BANK LTD","PRUDENTIAL BANK LTD-TAKORADI MARKET CIRCLE BRANCH"
"180601","PRUDENTIAL BANK LTD","PRUDENTIAL BANK LTD-KUMASI BRANCH"
"180602","PRUDENTIAL BANK LTD","PRUDENTIAL BANK LTD-ADUM-KUMASI BRANCH"
"180603","PRUDENTIAL BANK LTD","PRUDENTIAL BANK LTD-AFFUL NKWANTA BRANCH"
"180604","PRUDENTIAL BANK LTD","PRUDENTIAL BANK LTD-ABOABO BRANCH"
"180605","PRUDENTIAL BANK LTD","PRUDENTIAL BANK LTD-ATONSU BRANCH"
"180606","PRUDENTIAL BANK LTD","PRUDENTIAL BANK LTD-SUAME MAAKRO BRANCH"
"180607","PRUDENTIAL BANK LTD","PRUDENTIAL BANK LTD -SANTASI ROUNDABOUT BRANCH"
"180701","PRUDENTIAL BANK LTD","PRUDENTIAL BANK LTD - TECHIMAN BRANCH"
"180801","PRUDENTIAL BANK LTD","PRUDENTIAL BANK LTD-TAMALE BRANCH"
"190101","STANBIC BANK GHANA LTD","STANBIC BANK GHANA LTD-ACCRA MAIN BRANCH"
"190102","STANBIC BANK GHANA LTD","STANBIC BANK GHANA LTD-AIRPORT CITY BRANCH"
"190103","STANBIC BANK GHANA LTD","STANBIC BANK GHANA LTD-SPINTEX ROAD BRANCH"
"190104","STANBIC BANK GHANA LTD","STANBIC BANK GHANA LTD-ACCRA MALL BRANCH"
"190105","STANBIC BANK GHANA LTD","STANBIC BANK GHANA LTD-NORTH INDUSTIAL AREA BRANCH"
"190106","STANBIC BANK GHANA LTD","STANBIC BANK GHANA LTD-TEMA INDUSTRIAL AREA BRANCH"
"190107","STANBIC BANK GHANA LTD","STANBIC BANK GHANA LTD-GRAPHIC ROAD BRANCH"
"190108","STANBIC BANK GHANA LTD","STANBIC BANK GHANA LTD-MAKOLA BRANCH"
"190109","STANBIC BANK GHANA LTD","STANBIC BANK GHANA LTD-RIND ROAD BRANCH"
"190110","STANBIC BANK GHANA LTD","STANBIC BANK GHANA LTD-ACHIMOTA BRANCH"
"190112","STANBIC BANK GHANA LTD","STANBIC BANK GHANA LTD-KASOA BRANCH"
"190113","STANBIC BANK GHANA LTD","STANBIC BANK GH LTD - TEMA FISHING HABOUR BRANCH"
"190114","STANBIC BANK GHANA LTD","STANBIC BANK GHANA LTD-MOVENPICK BRANCH"
"190115","STANBIC BANK GHANA LTD","STANBIC BANK GHANA LTD-MADINA BRANCH"
"190116","STANBIC BANK GHANA LTD","STANBIC BANK GHANA LTD-DANSOMAN BRANCH"
"190117","STANBIC BANK GHANA LTD","STANBIC BANK GHANA LTD-ASHAIMAN BRANCH"
"190118","STANBIC BANK GHANA LTD","STANBIC BANK GHANA LTD-TEMA COMMUNITY ONE BRANCH"
"190119","STANBIC BANK GHANA LTD","STANBIC BANK GHANA LTD-EAST LEGON BRANCH"
"190120","STANBIC BANK GHANA LTD","STANBIC BANK GHANA LTD-LAPAZ BRANCH"
"190121","STANBIC BANK GHANA LTD","STANBIC BANK GHANA LTD-STANBIC HEIGHTS BRANCH"
"190122","STANBIC BANK GHANA LTD","STANBIC BANK GHANA - INTEGRATED PROCESSING CENTER"
"190123","STANBIC BANK GHANA LTD","STANBIC BANK GHANA LTD - CASH CENTRE"
"190124","STANBIC BANK GHANA LTD","STANBIC BANK - WEST HILLS MALL BRANCH"
"190125","STANBIC BANK GHANA LTD","STANBIC BANK - JUNCTION MALL BRANCH"
"190127","STANBIC BANK GHANA LTD","STANBIC BANK - TUDU BRANCH"
"190128","STANBIC BANK GHANA LTD","STANBIC BANK GHANA LTD - ACHIMOTA MALL BRANCH"
"190130","STANBIC BANK GHANA LTD","STANBIC BANK GHANA LTD - LEGON BRANCH"
"190132","STANBIC BANK GHANA LTD","STANBIC BANK GHANA LTD- SERVICES INTERGRITY SAVINGS AND LOANS LIMITED"
"190133","STANBIC BANK GHANA LTD","STANBIC BANK GHANA LTD - AGJIRINGANOR BRANCH"
"190401","STANBIC BANK GHANA LTD","STANBIC BANK GHANA LTD-TAKORADI BRANCH"
"190402","STANBIC BANK GHANA LTD","STANBIC BANK GHANA LTD-TARKWA BRANCH"
"190601","STANBIC BANK GHANA LTD","STANBIC BANK GHANA LTD-HARPER-KUMASI BRANCH"
"190602","STANBIC BANK GHANA LTD","STANBIC BANK GHANA LTD-SUAME BRANCH"
"190603","STANBIC BANK GHANA LTD","STANBIC BANK GHANA LTD-ADUM BRANCH"
"190604","STANBIC BANK GHANA LTD","STANBIC BANK GHANA LTD-ASHTOWN BRANCH"
"190605","STANBIC BANK GHANA LTD","MULTI CREDIT SAVINGS AND LOANS - KUMASI"
"190606","STANBIC BANK GHANA LTD","STANBIC BANK GHANA LTD-KNUST BRANCH"
"190607","STANBIC BANK GHANA LTD","STANBIC BANK GHANA LTD - ASOKWA BRANCH"
"190701","STANBIC BANK GHANA LTD","STANBIC BANK GHANA LTD-SUNYANI BRANCH"
"190801","STANBIC BANK GHANA LTD","STANBIC BANK GHANA LTD-TAMALE BRANCH"
"190901","STANBIC BANK GHANA LTD","STANBIC BANK GHANA LTD-BOLGATANGA BRANCH"
"191001","STANBIC BANK GHANA LTD","STANBIC BANK GHANA LTD-WA BRANCH"
"200101","FIRST BANK NIGERIA","FBN BANK LTD -MAKOLA BRANCH"
"200102","FIRST BANK NIGERIA","FBN BANK LTD -KASOA BRANCH"
"200103","FIRST BANK NIGERIA","FBN BANK LTD -TEMA BRANCH"
"200104","FIRST BANK NIGERIA","FBN BANK LTD -KANESHIE BRANCH"
"200105","FIRST BANK NIGERIA","FBN BANK LTD -RING ROAD CENTRAL BRANCH"
"200106","FIRST BANK NIGERIA","FBN BANK LTD -DANSOMAN BRANCH"
"200107","FIRST BANK NIGERIA","FBN BANK LTD -SPINTEX ROAD BRANCH"
"200108","FIRST BANK NIGERIA","FBN BANK LTD -SWEDRU BRANCH"
"200109","FIRST BANK NIGERIA","FBN BANK LTD -ACHIMOTA BRANCH"
"200110","FIRST BANK NIGERIA","FBN BANK LTD -SWANMILL BRANCH"
"200111","FIRST BANK NIGERIA","FBN BANK LTD -KORLE-BU BRANCH"
"200112","FIRST BANK NIGERIA","FBN BANK LTD -DOME BRANCH"
"200113","FIRST BANK NIGERIA","FBN BANK LTD -SANTA MARIA BRANCH"
"200114","FIRST BANK NIGERIA","FBN BANK LTD - SPINTEX 2 BRANCH"
"200115","FIRST BANK NIGERIA","FBN BANK LTD - AIRPORT BRANCH"
"200401","FIRST BANK NIGERIA","FBN BANK LTD -TAKORADI BRANCH"
"200601","FIRST BANK NIGERIA","FBN BANK LTD -ADUM BRANCH"
"200602","FIRST BANK NIGERIA","FBN BANK LTD -SUAME BRANCH"
"200701","FIRST BANK NIGERIA","FBN BANK LTD -TECHIMAN BRANCH"
"210101","BANK OF AFRICA","BANK OF AFRICA-FARRAR AVE BRANCH"
"210102","BANK OF AFRICA","BANK OF AFRICA-RIDGE BRANCH"
"210103","BANK OF AFRICA","BANK OF AFRICA-MAAMOBI BRANCH"
"210104","BANK OF AFRICA","BANK OF AFRICA-ACCRA CENTRAL BRANCH"
"210105","BANK OF AFRICA","BANK OF AFRICA-NEWTOWN BRANCH"
"210106","BANK OF AFRICA","BANK OF AFRICA-MICHEL CAMP BRANCH"
"210111","BANK OF AFRICA","BANK OF AFRICA-EAST LEGON BRANCH"
"210112","BANK OF AFRICA","BANK OF AFRICA-KWASHIEMAN BRANCH"
"210113","BANK OF AFRICA","BANK OF AFRICA-OSU BRANCH"
"210114","BANK OF AFRICA","BANK OF AFRICA-SPINTEX ROAD BRANCH"
"210116","BANK OF AFRICA","BANK OF AFRICA-TEMA BRANCH"
"210117","BANK OF AFRICA","BANK OF AFRICA- DANSOMAN BRANCH"
"210118","BANK OF AFRICA","BANK OF AFRICA-MADINA BRANCH"
"210119","BANK OF AFRICA","BANK OF AFRICA-ABOSSEY OKAI BRANCH"
"210122","BANK OF AFRICA","BANK OF AFRICA-WHOLESALE CENTER"
"210123","BANK OF AFRICA","BANK OF AFRICA-TESHIE NUNGUA BRANCH"
"210124","BANK OF AFRICA","BANK OF AFRICA-OPERA SQUARE BRANCH"
"210125","BANK OF AFRICA","BANK OF AFRICA-AIRPORT CITY BRANCH"
"210126","BANK OF AFRICA","BANK OF AFRICA-OCTAGON BRANCH"
"210401","BANK OF AFRICA","BANK OF AFRICA -TAKORADI BRANCH"
"210601","BANK OF AFRICA","BANK OF AFRICA -KUMASI AMAKOM BRANCH"
"210602","BANK OF AFRICA","BANK OF AFRICA-KUMASI -ADUM BRANCH"
"210603","BANK OF AFRICA","BANK OF AFRICA-SOKOBAN BRANCH"
"210604","BANK OF AFRICA","BANK OF AFRICA- SUAME BRANCH"
"210699","BANK OF AFRICA","BANK OF AFRICA-MULTICREDIT SAVINGS AND LOANS CO."
"210801","BANK OF AFRICA","BANK OF AFRICA-TAMALE BRANCH"
"210901","BANK OF AFRICA","BANK OF AFRICA-BOLGATANGA BRANCH"
"211001","BANK OF AFRICA","BANK OF AFRICA-WA BRANCH BRANCH"
"230101","GUARANTY TRUST (GH) LTD","GUARANTY TRUST (GH) LTD-HEAD OFFICE BRANCH"
"230102","GUARANTY TRUST (GH) LTD","GUARANTY TRUST (GH) LTD-AIRPORT BRANCH"
"230103","GUARANTY TRUST (GH) LTD","GUARANTY TRUST (GH) LTD-TEMA BRANCH"
"230104","GUARANTY TRUST (GH) LTD","GUARANTY TRUST (GH) LTD-OSU BRANCH"
"230105","GUARANTY TRUST (GH) LTD","GUARANTY TRUST (GH) LTD-SPINTEX ROAD BRANCH"
"230106","GUARANTY TRUST (GH) LTD","GUARANTY TRUST (GH) LTD-LABONE BRANCH"
"230107","GUARANTY TRUST (GH) LTD","GUARANTY TRUST (GH) LTD-GRAPHIC ROAD BRANCH"
"230108","GUARANTY TRUST (GH) LTD","GUARANTY TRUST (GH) LTD-ASHIAMAN BRANCH"
"230109","GUARANTY TRUST (GH) LTD","GUARANTY TRUST (GH) LTD-TUDU BRANCH"
"230110","GUARANTY TRUST (GH) LTD","GUARANTY TRUST (GH) LTD-MADINA BRANCH"
"230111","GUARANTY TRUST (GH) LTD","GUARANTY TRUST (GH) LTD-ACHIMOTA BRANCH"
"230112","GUARANTY TRUST (GH) LTD","GUARANTY TRUST (GH) LTD-NIA BRANCH"
"230113","GUARANTY TRUST (GH) LTD","GUARANTY TRUST (GH) LTD-COMMUNITY 6 BRANCH"
"230114","GUARANTY TRUST (GH) LTD","GUARANTY TRUST (GH) LTD-OPERA SQUARE BRANCH"
"230115","GUARANTY TRUST (GH) LTD","GUARANTY TRUST (GH) LTD-LAPAZ BRANCH"
"230116","GUARANTY TRUST (GH) LTD","GUARANTY TRUST (GH) LTD - EAST LEGON BRANCH"
"230117","GUARANTY TRUST (GH) LTD","GUARANTY TRUST (GH) LTD - DOME BRANCH"
"230118","GUARANTY TRUST (GH) LTD","GUARANTY TRUST (GH) LTD - MAKOLA BRANCH"
"230119","GUARANTY TRUST (GH) LTD","GUARANTY TRUST BANK - RING ROAD BRANCH"
"230120","GUARANTY TRUST (GH) LTD","GUARNTY TRUST BANK - BAATSONA BRANCH"
"230122","GUARANTY TRUST (GH) LTD","GUARNTY TRUST BANK - TEMA MAIN HARBOUR BRANCH"
"230123","GUARANTY TRUST (GH) LTD","GUARANTY TRUST (GH) LTD - ONE AIRPORT SQUARE BRANCH"
"230124","GUARANTY TRUST (GH) LTD","GUARANTY TRUST (GH) LTD - DANSOMAN BRANCH"
"230184","GUARANTY TRUST (GH) LTD","GUARANTY TRUST (GH) LTD-ASURANCE SAVINGS AND LOANS LTD"
"230301","GUARANTY TRUST (GH) LTD","GUARANTY TRUST BANK - CAPE - COAST BRANCH"
"230302","GUARANTY TRUST (GH) LTD","GUARANTY TRUST (GH) LTD - KASOA BRANCH"
"230401","GUARANTY TRUST (GH) LTD","GUARANTY TRUST (GH) LTD-TAKORADI BRANCH"
"230402","GUARANTY TRUST (GH) LTD","GUARANTY TRUST (GH) LTD-TARKWA BRANCH"
"230501","GUARANTY TRUST (GH) LTD","GUARANTY TRUST (GH) LTD-AFLAO BRANCH"
"230601","GUARANTY TRUST (GH) LTD","GUARANTY TRUST (GH) LTD-KUMASI-LAKE  ROAD BRANCH"
"230602","GUARANTY TRUST (GH) LTD","GUARANTY TRUST (GH) LTD-ADUM BRANCH"
"230603","GUARANTY TRUST (GH) LTD","GUARANTY TRUST (GH) LTD- - ALABAR BRANCH"
"230652","GUARANTY TRUST (GH) LTD","GUARANTY TRUST (GH) LTD-ST PETER'S CO-OPERATIVE CREDIT UNION"
"230653","GUARANTY TRUST (GH) LTD","GUARANTY TRUST (GH) LTD-NOBLE DREAM MICROFINANCE LTD"
"230680","GUARANTY TRUST (GH) LTD","GUARANTY TRUST (GH) LTD-ADEHYEMAN SAVINGS & LOANS LTD"
"230701","GUARANTY TRUST (GH) LTD","GUARANTY TRUST (GH) LTD-TECHIMAN BRANCH"
"230801","GUARANTY TRUST (GH) LTD","GUARANTY TRUST (GH) LTD-TAMALE BRANCH"
"240100","FIDELITY BANK GHANA","FIDELITY BANK GHANA LTD"
"240100","FIDELITY BANK GHANA","FIDELITY BANK GHANA LTD-HEAD OFFICE BRANCH"
"240101","FIDELITY BANK GHANA","FIDELITY BANK GHANA LTD-RIDGE TOWERS"
"240102","FIDELITY BANK GHANA","FIDELITY BANK GHANA LTD-SPINTEX ROAD"
"240103","FIDELITY BANK GHANA","FIDELITY BANK GHANA LTD-HIGH STREET"
"240104","FIDELITY BANK GHANA","FIDELITY BANK GHANA LTD-OSU"
"240105","FIDELITY BANK GHANA","FIDELITY BANK GHANA LTD-ABOSSEY OKAI BRANCH"
"240106","FIDELITY BANK GHANA","FIDELITY BANK GHANA LTD-TEMA SAFE BOND BRANCH"
"240107","FIDELITY BANK GHANA","FIDELITY BANK GHANA LTD-KANTAMANTO BRANCH"
"240108","FIDELITY BANK GHANA","FIDELITY BANK GHANA LTD-TUDU BRANCH"
"240109","FIDELITY BANK GHANA","FIDELITY BANK GHANA LTD-TEMA-COMMUNITY ONE"
"240110","FIDELITY BANK GHANA","FIDELITY BANK GHANA LTD-OKAISHIE BRANCH"
"240111","FIDELITY BANK GHANA","FIDELITY BANK GHANA LTD-ACTION CHAPEL BRANCH"
"240112","FIDELITY BANK GHANA","FIDELITY BANK GHANA LTD- A AND C MALL BRANCH"
"240113","FIDELITY BANK GHANA","FIDELITY BANK GHANA LTD-DANSOMAN BRANCH"
"240114","FIDELITY BANK GHANA","FIDELITY BANK GHANA LTD-RING ROAD BRANCH"
"240115","FIDELITY BANK GHANA","FIDELITY BANK GHANA LTD-HAATSO BRANCH"
"240116","FIDELITY BANK GHANA","FIDELITY BANK GHANA LTD-TEMA COMMUNITY 2 BRANCH"
"240117","FIDELITY BANK GHANA","FIDELITY BANK GHANA LTD-ACCRA CENTRAL POSTBANK BRANCH"
"240118","FIDELITY BANK GHANA","FIDELITY BANK GHANA LTD-ADENTA BRANCH"
"240119","FIDELITY BANK GHANA","FIDELITY BANK GHANA LTD-IPS BRANCH"
"240120","FIDELITY BANK GHANA","FIDELITY BANK GHANA LTD-TRADE FAIR LA BRANCH"
"240121","FIDELITY BANK GHANA","FIDELITY BANK GHANA LTD-TESANO BRANCH"
"240122","FIDELITY BANK GHANA","FIDELITY BANK GHANA LTD-DZORWULU BRANCH"
"240123","FIDELITY BANK GHANA","FIDELITY BANK GHANA LTD-MAMPROBI POSTBANK BRANCH"
"240124","FIDELITY BANK GHANA","FIDELITY BANK GHANA LTD-KWAME NKRUMAH AVENUE BRANCH"
"240125","FIDELITY BANK GHANA","FIDELITY BANK GHANA LTD -  ACHIMOTA BRANCH"
"240126","FIDELITY BANK GHANA","FIDELITY BANK GHANA LTD - GWB LAPAZ BRANCH"
"240127","FIDELITY BANK GHANA","FIDELITY BANK GHANA LTD-NUNGUA BRANCH"
"240128","FIDELITY BANK GHANA","FIDELITY BANK GHANA LTD-ASHAIMAN BRANCH"
"240129","FIDELITY BANK GHANA","FIDELITY BANK GHANA LTD-AIRPORT ACCRA BRANCH"
"240130","FIDELITY BANK GHANA","FIDELITY BANK - MAAMOBI BRANCH"
"240131","FIDELITY BANK GHANA","FIDELITY BANK - KOKOMLEMLE BRANCH"
"240132","FIDELITY BANK GHANA","FIDELITY BANK - KANESHIE MAIN BRANCH"
"240133","FIDELITY BANK GHANA","FIDELITY BANK - TEMA COMM. 1 MAIN BRANCH"
"240134","FIDELITY BANK GHANA","FIDELITY BANK - MADINA MARKET BRANCH"
"240135","FIDELITY BANK GHANA","FIDELITY BANK - TUDU MAIN BRANCH"
"240136","FIDELITY BANK GHANA","FIDELITY BANK - DANSOMAN MAIN BRANCH"
"240138","FIDELITY BANK GHANA","FIDELITY BANK  - ABEKA BRANCH"
"240142","FIDELITY BANK GHANA","FIDELITY BANK - ASHAIMAN MARKET BRANCH"
"240143","FIDELITY BANK GHANA","FIDELITY BANK - AIRPORT PC BRANCH"
"240144","FIDELITY BANK GHANA","FIDELITY BANK  - KASOA BRANCH"
"240145","FIDELITY BANK GHANA","FIDELITY BANK - DOME BRANCH"
"240146","FIDELITY BANK GHANA","FIDELITY BANK - KANESHIE MARKET BRANCH"
"240147","FIDELITY BANK GHANA","FIDELITY BANK - MADINA BRANCH"
"240148","FIDELITY BANK GHANA","FIDELITY BANK - OSU DANQUAH CIRCLE BRANCH"
"240149","FIDELITY BANK GHANA","FIDELITY BANK - NUNGUA BRIGADE BRANCH"
"240150","FIDELITY BANK GHANA","FIDELITY BANK GHANA LTD - TEMA COMMUNITY 25 BRANCH"
"240151","FIDELITY BANK GHANA","FIDELITY BANK GHANA LTD - WEIJA BRANCH"
"240152","FIDELITY BANK GHANA","FIDELITY BANK GHANA LTD- EAST LEGON BRANCH"
"240191","FIDELITY BANK GHANA","FIDELITY BANK GHANA LTD-HOHOE BRANCH BRANCH"
"240201","FIDELITY BANK GHANA","FIDELITY BANK GHANA LTD - NKWAKAW BRANCH"
"240203","FIDELITY BANK GHANA","FIDELITY BANK GHANA LTD - KOFORIDUA BRANCH"
"240301","FIDELITY BANK GHANA","FIDELITY BANK GHANA LTD-ASSIN FOSU BRANCH"
"240302","FIDELITY BANK GHANA","FIDELITY BANK - CAPE COAST BRANCH"
"240303","FIDELITY BANK GHANA","FIDELITY BANK GHANA LTD - CAPECOAST MAIN BRANCH"
"240401","FIDELITY BANK GHANA","FIDELITY BANK GHANA LTD-TAKORADI MARKET CIRCLE"
"240402","FIDELITY BANK GHANA","FIDELITY BANK GHANA LTD-TARKWA BRANCH"
"240403","FIDELITY BANK GHANA","FIDELITY BANK GHANA LTD-TAKORADI POSTBANK BRANCH"
"240405","FIDELITY BANK GHANA","FIDELITY BANK - TARKWA MAIN BRANCH"
"240406","FIDELITY BANK GHANA","FIDELITY BANK - TAKORADI EFFIEKUMA BRANCH"
"240407","FIDELITY BANK GHANA","FIDELITY BANK - TAKORADI MAIN BRANCH"
"240501","FIDELITY BANK GHANA","FIDELITY BANK GHANA LTD-HO BRANCH"
"240601","FIDELITY BANK GHANA","FIDELITY BANK GHANA LTD-STADIUM POST"
"240602","FIDELITY BANK GHANA","FIDELITY BANK GHANA LTD-KUMASI-ADUM"
"240603","FIDELITY BANK GHANA","FIDELITY BANK GHANA LTD-KUMASI-SUAME"
"240604","FIDELITY BANK GHANA","FIDELITY BANK GHANA LTD - ATONSU BRANCH"
"240605","FIDELITY BANK GHANA","FIDELITY BANK GHANA LTD-AHODWO BRANCH"
"240606","FIDELITY BANK GHANA","FIDELITY BANK GHANA LTD-KUMASI ADUM POSTBANK"
"240607","FIDELITY BANK GHANA","FIDELITY BANK GHANA LTD - KO METHODIST BRANCH"
"240608","FIDELITY BANK GHANA","FIDELITY BANK GHANA LTD-SANTASI ROUNDABOUT BRANCH"
"240609","FIDELITY BANK GHANA","FIDELITY BANK - ADUM SAGOE LANE BRANCH"
"240610","FIDELITY BANK GHANA","FIDELITY BANK - SUAME MAIN BRANCH"
"240611","FIDELITY BANK GHANA","FIDELITY BANK - ADUM PZ BRANCH"
"240612","FIDELITY BANK GHANA","FIDELITY BANK GHANA LTD - SUAME MAAKRO BRANCH"
"240613","FIDELITY BANK GHANA","FIDELITY BANK GHANA LTD - KNUST BRANCH"
"240701","FIDELITY BANK GHANA","FIDELITY BANK GHANA LTD-SUNYANI POSTBANK BRANCH"
"240702","FIDELITY BANK GHANA","FIDELITY BANK GHANA LTD-BEREKUM BRANCH"
"240703","FIDELITY BANK GHANA","FIDELITY BANK - TECHIMAN BRANCH"
"240704","FIDELITY BANK GHANA","FIDELITY BANK - SUNYANI BRANCH"
"240801","FIDELITY BANK GHANA","FIDELITY BANK GHANA LTD-TAMALE"
"240901","FIDELITY BANK GHANA","FIDELITY BANK GHANA LTD-BOLGATANGA POSTBANK BRANCH"
"241090","FIDELITY BANK GHANA","FIDELITY BANK GHANA LTD - WA BRANCH"
"270101","BSIC BANK GHANA LTD","BSIC GHANA LTD-ADABRAKA BRANCH"
"270102","BSIC BANK GHANA","BSIC GHANA LTD-ACCRA CENTRAL BRANCH"
"270103","BSIC BANK GHANA","BSIC GHANA LTD-SPINTEX BRANCH"
"270104","BSIC BANK GHANA","BSIC GHANA LTD-NIMA BRANCH"
"270105","BSIC BANK GHANA","BISC GHANA LTD-NORTH INDUSTRIAL AREA BRANCH"
"270106","BSIC BANK GHANA","BSIC GHANA LTD-MADINA BRANCH"
"270602","BSIC BANK GHANA","BSIC GHANA LTD-KUMASI (ALABAR) BRANCH"
"270801","BSIC BANK GHANA","BSIC GHANA LTD-TAMALE BRANCH"
"280100","ACCESSBANK GHANA LTD","ACCESS BANK"
"280100","ACCESSBANK GHANA LTD","ACCESS BANK - HEAD OFFICE BRANCH"
"280101","ACCESSBANK GHANA LTD","ACCESS BANK - EAST CANTONMENTS BRANCH"
"280102","ACCESSBANK GHANA LTD","ACCESS BANK - TEMA MAIN BRANCH"
"280103","ACCESSBANK GHANA LTD","ACCESS BANK - OSU  OXFORD BRANCH"
"280104","ACCESSBANK GHANA LTD","ACCESS BANK - LASHIBI BRANCH"
"280105","ACCESSBANK GHANA LTD","ACCESS BANK - OSU WATSON BRANCH"
"280106","ACCESSBANK GHANA LTD","ACCESS BANK - KANTAMANTO BRANCH"
"280107","ACCESSBANK GHANA LTD","ACCESS BANK - KANESHIE BRANCH"
"280108","ACCESSBANK GHANA LTD","ACCESS BANK - CASTLE ROAD BRANCH"
"280109","ACCESSBANK GHANA LTD","ACCESS BANK -MADINA BRANCH"
"280110","ACCESSBANK GHANA LTD","ACCESS BANK - SOUTH INDUSTRIAL BRANCH"
"280111","ACCESSBANK GHANA LTD","ACCESS BANK - NIA BRANCH"
"280112","ACCESSBANK GHANA LTD","ACCESS BANK - RING ROAD CENTRAL BRANCH"
"280113","ACCESSBANK GHANA LTD","ACCESS BANK - KANESHIE POST OFFICE BRANCH"
"280114","ACCESSBANK GHANA LTD","ACCESS BANK - ABEKA LAPAZ BRANCH"
"280115","ACCESSBANK GHANA LTD","ACCESS BANK - OKAISHIE BRANCH"
"280116","ACCESSBANK GHANA LTD","ACCESS BANK - ASHAIMAN BRANCH"
"280117","ACCESSBANK GHANA LTD","ACCESS BANK - IPS BRANCH"
"280118","ACCESSBANK GHANA LTD","ACCESS BANK - ACHIMOTA BRANCH"
"280119","ACCESSBANK GHANA LTD","ACCESS BANK - TEMA COMMUNITY 1 BRANCH"
"280120","ACCESSBANK GHANA LTD","ACCESS BANK - NIMA BRANCH"
"280121","ACCESSBANK GHANA LTD","ACCESS BANK - TIA BRANCH"
"280122","ACCESSBANK GHANA LTD","ACCESS BANK - AIRPORT BRANCH"
"280123","ACCESSBANK GHANA LTD","ACCESS BANK - KASOA BRANCH"
"280124","ACCESSBANK GHANA LTD","ACCESS BANK - SPINTEX BRANCH"
"280125","ACCESSBANK GHANA LTD","ACCESS BANK - NEWTOWN BRANCH"
"280126","ACCESSBANK GHANA LTD","ACCESS BANK - HAATSO BRANCH"
"280127","ACCESSBANK GHANA LTD","ACCESS BANK - AIRPORT BRANCH"
"280128","ACCESSBANK GHANA LTD","ACCESS BANK - LEGON BRANCH"
"280129","ACCESSBANK GHANA LTD","ACCESS - ADJIRIGANOR BRANCH"
"280130","ACCESSBANK GHANA LTD","ACCESS BANK - OCTAGON ACCRA"
"280201","ACCESSBANK GHANA LTD","ACCESS BANK - KOFORIDUA BRANCH"
"280401","ACCESSBANK GHANA LTD","ACCESS BANK - TARKWA BRANCH"
"280402","ACCESSBANK GHANA LTD","ACCESS BANK - TAKORADI BRANCH"
"280403","ACCESSBANK GHANA LTD","ACCESS BANK - SEFWI BRANCH"
"280404","ACCESSBANK GHANA LTD","ACCESS BANK - ENCHI BRANCH"
"280405","ACCESSBANK GHANA LTD","ACCESS BANK - MARKET CIRCLE TAKORADI BRANCH"
"280501","ACCESSBANK GHANA LTD","ACCESS BANK - HO BRANCH"
"280601","ACCESSBANK GHANA LTD","ACCESS BANK - KUMASI ASAFO BRANCH"
"280602","ACCESSBANK GHANA LTD","ACCESS BANK - ADUM BRANCH"
"280603","ACCESSBANK GHANA LTD","ACCESS BANK - SUAME BRANCH"
"280604","ACCESSBANK GHANA LTD","ACCESS BANK - AMAKOM BRANCH"
"280605","ACCESSBANK GHANA LTD","ACCESS BANK -  ALABAR BRANCH"
"280606","ACCESSBANK GHANA LTD","ACCESS BANK  - KNUST BRANCH"
"280607","ACCESSBANK GHANA LTD","ACCESS BANK - KEJETIA BRANCH"
"280701","ACCESSBANK GHANA LTD","ACCESS BANK - TECHIMAN BRANCH"
"280801","ACCESSBANK GHANA LTD","ACCESS BANK - TAMALE BRANCH"
"280901","ACCESSBANK GHANA LTD","ACCESS BANK - BOLGATANGA BRANCH"
"281001","ACCESSBANK GHANA LTD","ACCESS BANK -  WA  BRANCH"
"330100","FIRST NATIONAL BANK","FIRST NATIONAL BANK"
"330101","FIRST NATIONAL BANK","FIRST NATIONAL BANK - JUNCTION SHOPPING CENTRE BRANCH"
"330102","FIRST NATIONAL BANK","FIRST NATIONAL BANK - ACCRA BRANCH"
"330106","FIRST NATIONAL BANK","FIRST NATIONAL BANK - ACCRA MALL BRANCH"
"330107","FIRST NATIONAL BANK","FIRST NATIONAL BANK - ACHIMOTA MALL BRANCH"
"330108","FIRST NATIONAL BANK","FIRST NATIONAL BANK - WEST HILLS MALL BRANCH"
"330111","FIRST NATIONAL BANK","FIRST NATIONAL BANK - MAKOLA BRANCH"
"330112","FIRST NATIONAL BANK","FIRST NATIONAL BANK  - TEMA BRANCH"
"340100","CONSOLIDATED BANK GHANA","CONSOLIDATED BANK GHANA - HEAD OFFICE BRANCH"
"340101","CONSOLIDATED BANK GHANA","CONSOLIDATED BANK GHANA -AIRPORT CITY BRANCH"
"340102","CONSOLIDATED BANK GHANA","CONSOLIDATED BANK GHANA -RIDGE BRANCH"
"340103","CONSOLIDATED BANK GHANA","CONSOLIDATED BANK GHANA -TUDU BRANCH"
"340104","CONSOLIDATED BANK GHANA","CONSOLIDATED BANK GHANA -TEMA COMM 1 BRANCH"
"340105","CONSOLIDATED BANK GHANA","CONSOLIDATED BANK GHANA - MANET TOWER 3 BRANCH"
"340106","CONSOLIDATED BANK GHANA","CONSOLIDATED BANK GHANA -MAKOLA BRANCH"
"340107","CONSOLIDATED BANK GHANA","CONSOLIDATED BANK GHANA - ARENA BRANCH"
"340108","CONSOLIDATED BANK GHANA","CONSOLIDATED BANK GHANA -KOKOMLEMLE BRANCH"
"340109","CONSOLIDATED BANK GHANA","CONSOLIDATED BANK GHANA -ACHIMOTA BRANCH"
"340110","CONSOLIDATED BANK GHANA","CONSOLIDATED BANK GHANA -ADABRAKAH BRANCH"
"340111","CONSOLIDATED BANK GHANA","CONSOLIDATED BANK GHANA -ADENTA BRANCH"
"340112","CONSOLIDATED BANK GHANA","CONSOLIDATED BANK GHANA -SPINTEX BRANCH"
"340113","CONSOLIDATED BANK GHANA","CONSOLIDATED BANK GHANA -AMERICAN HOUSE BRANCH"
"340114","CONSOLIDATED BANK GHANA","CONSOLIDATED BANK GHANA -ANYAA MARKET BRANCH"
"340115","CONSOLIDATED BANK GHANA","CONSOLIDATED BANK GHANA -APENKWA BRANCH"
"340116","CONSOLIDATED BANK GHANA","CONSOLIDATED BANK GHANA -ASHAIMAN ROUND ABOUT BRANCH"
"340117","CONSOLIDATED BANK GHANA","CONSOLIDATED BANK GHANA -ASHAIMAN MAIN BRANCH"
"340118","CONSOLIDATED BANK GHANA","CONSOLIDATED BANK GHANA -ASHALLEY BOTWE BRANCH"
"340119","CONSOLIDATED BANK GHANA","CONSOLIDATED BANK GHANA -ASHIYEA BRANCH"
"340120","CONSOLIDATED BANK GHANA","CONSOLIDATED BANK GHANA -ATOMIC JUNCTION BRANCH"
"340121","CONSOLIDATED BANK GHANA","CONSOLIDATED BANK GHANA -ATOMIC BRANCH"
"340122","CONSOLIDATED BANK GHANA","CONSOLIDATED BANK GHANA -DANSOMAN ROUND-ABOUT BRANCH"
"340123","CONSOLIDATED BANK GHANA","CONSOLIDATED BANK GHANA -DANSOMAN EXHIBITION BRANCH"
"340124","CONSOLIDATED BANK GHANA","CONSOLIDATED BANK GHANA -RUSSIA ROAD BRANCH"
"340125","CONSOLIDATED BANK GHANA","CONSOLIDATED BANK GHANA -DARKUMAN BRANCH"
"340126","CONSOLIDATED BANK GHANA","CONSOLIDATED BANK GHANA -DOME BRANCH"
"340127","CONSOLIDATED BANK GHANA","CONSOLIDATED BANK GHANA -DZORWULU BRANCH"
"340128","CONSOLIDATED BANK GHANA","CONSOLIDATED BANK GHANA -EAST LEGON BRANCH"
"340129","CONSOLIDATED BANK GHANA","CONSOLIDATED BANK GHANA -GIMPA BRANCH"
"340130","CONSOLIDATED BANK GHANA","CONSOLIDATED BANK GHANA -KANESHIR BRANCH"
"340131","CONSOLIDATED BANK GHANA","CONSOLIDATED BANK GHANA -KASOA MAIN BRANCH"
"340132","CONSOLIDATED BANK GHANA","CONSOLIDATED BANK GHANA - KASOA NEW MARKET"
"340133","CONSOLIDATED BANK GHANA","CONSOLIDATED BANK GHANA -KORLE- BU BRANCH"
"340134","CONSOLIDATED BANK GHANA","CONSOLIDATED BANK GHANA -KORLE DUDOR BRANCH"
"340135","CONSOLIDATED BANK GHANA","CONSOLIDATED BANK GHANA -KWABENYA BRANCH"
"340136","CONSOLIDATED BANK GHANA","CONSOLIDATED BANK GHANA -LABONE BRANCH"
"340137","CONSOLIDATED BANK GHANA","CONSOLIDATED BANK GHANA -LAPAZ BRANCH"
"340138","CONSOLIDATED BANK GHANA","CONSOLIDATED BANK GHANA -MADINA MAIN BRANCH"
"340139","CONSOLIDATED BANK GHANA","CONSOLIDATED BANK GHANA -MADINA NEW ROAD BRANCH"
"340140","CONSOLIDATED BANK GHANA","CONSOLIDATED BANK GHANA -MALLAM JUNCTION BRANCH"
"340141","CONSOLIDATED BANK GHANA","CONSOLIDATED BANK GHANA -PIG FARM BRANCH"
"340142","CONSOLIDATED BANK GHANA","CONSOLIDATED BANK GHANA -MAMOBI BRANCH"
"340143","CONSOLIDATED BANK GHANA","CONSOLIDATED BANK GHANA -NIMA MAIN BRANCH"
"340144","CONSOLIDATED BANK GHANA","CONSOLIDATED BANK GHANA -MERIDIAN BRANCH"
"340145","CONSOLIDATED BANK GHANA","CONSOLIDATED BANK GHANA -NORTH INDUSTRIAL AREA BRANCH"
"340146","CONSOLIDATED BANK GHANA","CONSOLIDATED BANK GHANA -CASTLE ROAD BRANCH"
"340147","CONSOLIDATED BANK GHANA","CONSOLIDATED BANK GHANA -OXFORD STREET BRANCH"
"340148","CONSOLIDATED BANK GHANA","CONSOLIDATED BANK GHANA -POKUASE BRANCH"
"340149","CONSOLIDATED BANK GHANA","CONSOLIDATED BANK GHANA -ABBOSSEY-OKAI BRANCH"
"340150","CONSOLIDATED BANK GHANA","CONSOLIDATED BANK GHANA - SHIPPERS HOUSE BRANCH"
"340151","CONSOLIDATED BANK GHANA","CONSOLIDATED BANK GHANA -SAKUMONO BRANCH"
"340152","CONSOLIDATED BANK GHANA","CONSOLIDATED BANK GHANA -SOUTH LEGON BRANCH"
"340153","CONSOLIDATED BANK GHANA","CONSOLIDATED BANK GHANA -EAST AIRPORT BRANCH"
"340154","CONSOLIDATED BANK GHANA","CONSOLIDATED BANK GHANA -BAATSONA BRANCH"
"340155","CONSOLIDATED BANK GHANA","CONSOLIDATED BANK GHANA -OPERA SQUARE BRANCH"
"340156","CONSOLIDATED BANK GHANA","CONSOLIDATED BANK GHANA -TEMA COMM 2 BRANCH"
"340157","CONSOLIDATED BANK GHANA","CONSOLIDATED BANK GHANA -TEMA COMM 25 BRANCH"
"340158","CONSOLIDATED BANK GHANA","CONSOLIDATED BANK GHANA -TESANO BRANCH"
"340159","CONSOLIDATED BANK GHANA","CONSOLIDATED BANK GHANA -TESHIE BRANCH"
"340160","CONSOLIDATED BANK GHANA","CONSOLIDATED BANK GHANA -TRADE FAIR BRANCH"
"340161","CONSOLIDATED BANK GHANA","CONSOLIDATED BANK GHANA -ABEKA BRANCH"
"340162","CONSOLIDATED BANK GHANA","CONSOLIDATED BANK GHANA -UNIVERSITY OF GHANA BRANCH"
"340163","CONSOLIDATED BANK GHANA","CONSOLIDATED BANK GHANA -WEIJA BRANCH"
"340164","CONSOLIDATED BANK GHANA","CONSOLIDATED BANK GHANA -WISCONSIN BRANCH"
"340165","CONSOLIDATED BANK GHANA","CONSOLIDATED BANK GHANA -ZENU BRANCH"
"340166","CONSOLIDATED BANK GHANA","CONSOLIDATED BANK GHANA -ACCRA BRANCH"
"340191","CONSOLIDATED BANK GHANA","CONSOLIDATED BANK GHANA -GOLDENLINK SAVINGS AND LOANS"
"340197","CONSOLIDATED BANK GHANA","CONSOLIDATED BANK GHANA -PROGRESS SAVINGS AND LOANS"
"340198","CONSOLIDATED BANK GHANA","CONSOLIDATED BANK GHANA -BEST POINT SAVINGS AND LOANS"
"340201","CONSOLIDATED BANK GHANA","CONSOLIDATED BANK GHANA -ABETIFI BRANCH"
"340202","CONSOLIDATED BANK GHANA","CONSOLIDATED BANK GHANA -KOFORIDUA BRANCH"
"340203","CONSOLIDATED BANK GHANA","CONSOLIDATED BANK GHANA -MAMFE BRANCH"
"340204","CONSOLIDATED BANK GHANA","CONSOLIDATED BANK GHANA -NEW ABIREM BRANCH"
"340301","CONSOLIDATED BANK GHANA","CONSOLIDATED BANK GHANA -UNIVERSITY OF CAPE COAST BRANCH"
"340302","CONSOLIDATED BANK GHANA","CONSOLIDATED BANK GHANA -DUNKWAW-ON OFFIN BRANCH"
"340303","CONSOLIDATED BANK GHANA","CONSOLIDATED BANK GHANA -SWEDRU BRANCH"
"340304","CONSOLIDATED BANK GHANA","CONSOLIDATED BANK GHANA -WINNEBA BRANCH"
"340401","CONSOLIDATED BANK GHANA","CONSOLIDATED BANK GHANA -ASAWINSO BRANCH"
"340402","CONSOLIDATED BANK GHANA","CONSOLIDATED BANK GHANA -AXIM ROAD BRANCH"
"340403","CONSOLIDATED BANK GHANA","CONSOLIDATED BANK GHANA -MARKET CIRCLE BRANCH"
"340404","CONSOLIDATED BANK GHANA","CONSOLIDATED BANK GHANA -TARKWA BRANCH"
"340501","CONSOLIDATED BANK GHANA","CONSOLIDATED BANK GHANA -HO BRANCH"
"340601","CONSOLIDATED BANK GHANA","CONSOLIDATED BANK GHANA -ADUM BRANCH"
"340602","CONSOLIDATED BANK GHANA","CONSOLIDATED BANK GHANA -AFFUL NKWANTA BRANCH"
"340603","CONSOLIDATED BANK GHANA","CONSOLIDATED BANK GHANA -AHODWO BRANCH"
"340604","CONSOLIDATED BANK GHANA","CONSOLIDATED BANK GHANA -ALABAR BRANCH"
"340605","CONSOLIDATED BANK GHANA","CONSOLIDATED BANK GHANA -ASAFO BRANCH"
"340606","CONSOLIDATED BANK GHANA","CONSOLIDATED BANK GHANA -MAAKRO BRANCH"
"340607","CONSOLIDATED BANK GHANA","CONSOLIDATED BANK GHANA -ASOKWA BRANCH"
"340608","CONSOLIDATED BANK GHANA","CONSOLIDATED BANK GHANA -ATONSU BRANCH"
"340609","CONSOLIDATED BANK GHANA","CONSOLIDATED BANK GHANA -BANTAMA BRANCH"
"340610","CONSOLIDATED BANK GHANA","CONSOLIDATED BANK GHANA -EJISU BRANCH"
"340611","CONSOLIDATED BANK GHANA","CONSOLIDATED BANK GHANA -HARPER ROAD BRANCH"
"340612","CONSOLIDATED BANK GHANA","CONSOLIDATED BANK GHANA - KEJETIA BRANCH"
"340613","CONSOLIDATED BANK GHANA","CONSOLIDATED BANK GHANA -KNUST BRANCH"
"340614","CONSOLIDATED BANK GHANA","CONSOLIDATED BANK GHANA -NHYIAESO BRANCH"
"340615","CONSOLIDATED BANK GHANA","CONSOLIDATED BANK GHANA -ROMAN HILL BRANCH"
"340616","CONSOLIDATED BANK GHANA","CONSOLIDATED BANK GHANA -SOKOBAN BRANCH"
"340617","CONSOLIDATED BANK GHANA","CONSOLIDATED BANK GHANA -ASHTOWN BRANCH"
"340618","CONSOLIDATED BANK GHANA","CONSOLIDATED BANK GHANA -SUAME BRANCH"
"340619","CONSOLIDATED BANK GHANA","CONSOLIDATED BANK GHANA -TAFO BRANCH"
"340620","CONSOLIDATED BANK GHANA","CONSOLIDATED BANK GHANA - ROMAN HILL MARKET BRANCH"
"340621","CONSOLIDATED BANK GHANA","CONSOLIDATED BANK GHANA -KRONUM BRANCH"
"340622","CONSOLIDATED BANK GHANA","CONSOLIDATED BANK GHANA - ABUAKWA BRANCH"
"340701","CONSOLIDATED BANK GHANA","CONSOLIDATED BANK GHANA - SUNYANI MAIN BRANCH"
"340702","CONSOLIDATED BANK GHANA","CONSOLIDATED BANK GHANA -SUNYANI POST OFFICE BRANCH"
"340703","CONSOLIDATED BANK GHANA","CONSOLIDATED BANK GHANA -TECHIMAN MARKET BRANCH"
"340704","CONSOLIDATED BANK GHANA","CONSOLIDATED BANK GHANA - TECHIMAN WENCHI ROAD BRANCH"
"340705","CONSOLIDATED BANK GHANA","CONSOLIDATED BANK GHANA -TECHIMAN VALLEY VIEW BRANCH"
"340801","CONSOLIDATED BANK GHANA","CONSOLIDATED BANK GHANA - TAMALE MAIN BRANCH"
"340802","CONSOLIDATED BANK GHANA","CONSOLIDATED BANK GHANA -TAMALE ABOABO BRANCH"
"340803","CONSOLIDATED BANK GHANA","CONSOLIDATED BANK GHANA - TAMALE HOSPITAL ROAD BRANCH"
"340804","CONSOLIDATED BANK GHANA","CONSOLIDATED BANK GHANA -BOLE BRANCH"
"340901","CONSOLIDATED BANK GHANA","CONSOLIDATED BANK GHANA - BAWKU BRANCH"
"340902","CONSOLIDATED BANK GHANA","CONSOLIDATED BANK GHANA -BOLGA POLICE STATION ROAD BRANCH"
"340903","CONSOLIDATED BANK GHANA","CONSOLIDATED BANK GHANA -BOLGA COMMERCIAL ROAD BRANCH"
"341001","CONSOLIDATED BANK GHANA","CONSOLIDATED BANK GHANA -WA BRANCH"
"360101","OMNI BANK GHANA LTD","OMNI BANK GHANA LTD - HEAD OFFICE BRANCH"
"360102","OMNI BANK GHANA LTD","OMNI BANK GHANA LTD - ABOSSEY OKAI BRANCH"
"360103","OMNI BANK GHANA LTD","OMNI BANK GHANA LTD - ASHAIMAN BRANCH"
"360104","OMNI BANK GHANA LTD","OMNI BANK GHANA LTD - DZORWULU BRANCH"
"360105","OMNI BANK GHANA LTD","OMNI BANK GHANA LTD - DOME BRANCH"
"360106","OMNI BANK GHANA LTD","OMNI BANK GHANA LTD - NMAI DJORN BRANCH"
"360107","OMNI BANK GHANA LTD","OMNI BANK GHANA LTD - TEMA COMM 1 BRANCH"
"360108","OMNI BANK GHANA LTD","OMNI BANK GHANA LTD- KOKOMLEMLE BRANCH"
"360109","OMNI BANK GHANA LTD","OMNI BANK GHANA LTD - MADINA BRANCH"
"360110","OMNI BANK GHANA LTD","OMNI BANK GHANA LTD - TUDU BRANCH"
"360111","OMNI BANK GHANA LTD","OMNI BANK GHANA LTD - SPINTEX BRANCH"
"360112","OMNI BANK GHANA LTD","OMNI BANK GHANA LTD - OSU BRANCH"
"360113","OMNI BANK GHANA LTD","OMNI BANK GHANA LTD - WEIJA BRANCH"
"360114","OMNI BANK GHANA LTD","OMNI BANK GHANA LTD- EAST LEGON BRANCH"
"360115","OMNI BANK GHANA LTD","OMNI BANK GHANA LTD - TEMA COMM 2 BRANCH"
"360201","OMNI BANK GHANA LTD","OMNI BANK GHANA LTD - KOFORIDUA BRANCH"
"360301","OMNI BANK GHANA LTD","OMNI BANK GHANA LTD - KASOA BRANCH"
"360401","OMNI BANK GHANA LTD","OMNI BANK GHANA LTD -  TAKORADI BRANCH"
"360402","OMNI BANK GHANA LTD","OMNI BANK GHANA LTD - TARKWA BRANCH"
"360601","OMNI BANK GHANA LTD","OMNI BANK GHANA LTD- MANHYIA BRANCH"
"360602","OMNI BANK GHANA LTD","OMNI BANK GHANA LTD - KUMASI CENTRAL MARKET BRANCH"
"360603","OMNI BANK GHANA LTD","OMNI BANK GHANA LTD - KEJETIA BRANCH"
"360604","OMNI BANK GHANA LTD","OMNI BANK GHANA LTD - ANLOGA BRANCH"
"360605","OMNI BANK GHANA LTD","OMNI BANK GHANA LTD - KRONUM BRANCH"
"360606","OMNI BANK GHANA LTD","OMNI BANK GHANA LTD - ADUM BRANCH"
"390100","GHL BANK","GHL HEAD OFFICE"
"390100","GHL BANK","GHL BANK Ltd"
"390101","GHL BANK","GHL BANK- AIRPORT CITY BRANCH"
"390401","GHL BANK","GHL BANK- TAKORADI BRANCH"
"390601","GHL BANK","GHL BANK-KUMASI BRANCH"